TeamA_Id,TeamA_Played,TeamA_Wins,TeamA_Loses,TeamA_GoalsFor,TeamA_GoalsAgainst,TeamA_CleanSheets,TeamA_FailedToScore,TeamA_StreakWins,TeamA_StreakLoses,TeamA_YellowCardsTotal,TeamA_RedCardsTotal,TeamB_Id,TeamB_Played,TeamB_Wins,TeamB_Loses,TeamB_GoalsFor,TeamB_GoalsAgainst,TeamB_CleanSheets,TeamB_FailedToScore,TeamB_StreakWins,TeamB_StreakLoses,TeamB_YellowCardsTotal,TeamB_RedCardsTotal,Match_Result
7,34,15,7,40,53,9,2,2,2,43,4,20,23,7,5,72,16,3,1,3,4,52,3,0
12,29,7,6,71,17,4,2,4,0,58,1,17,23,5,3,33,23,1,4,1,3,47,3,1
12,34,7,0,55,54,3,1,1,3,48,1,8,31,6,9,55,28,7,5,3,0,59,4,-1
18,32,13,0,44,21,8,7,0,3,27,2,15,38,5,7,54,49,0,4,1,1,47,0,0
1,24,7,3,59,36,2,2,0,2,56,2,16,20,9,1,74,28,2,0,1,1,32,2,1
7,39,17,3,49,51,6,6,4,2,48,3,17,32,11,2,41,42,1,1,4,0,25,3,0
11,20,5,0,46,27,0,2,2,0,56,0,7,38,14,11,43,29,10,5,0,3,31,1,1
17,36,12,0,78,16,1,5,4,0,20,2,5,21,9,3,45,46,5,3,2,2,36,4,0
6,35,5,8,79,20,2,3,3,2,55,2,11,22,7,3,51,21,3,0,0,1,59,0,1
18,22,8,1,67,16,0,3,4,4,51,2,10,28,13,2,38,30,2,3,0,3,30,0,0
8,22,10,0,54,39,4,1,1,1,54,4,20,28,8,0,23,47,4,3,2,0,52,3,1
19,25,10,4,70,22,2,2,1,4,49,0,14,34,5,4,79,33,3,2,0,0,47,4,0
6,28,9,7,48,45,2,3,0,3,40,0,3,22,6,0,61,45,5,1,2,1,51,1,1
10,36,12,0,28,57,5,6,4,1,45,2,2,37,13,7,32,21,8,3,4,3,20,3,1
15,21,7,0,77,36,1,1,0,3,25,2,2,24,5,7,72,58,3,4,3,4,51,3,0
15,27,8,1,79,56,2,0,2,3,45,4,3,28,9,0,77,15,1,5,0,4,20,4,1
5,31,14,2,56,36,8,4,3,4,49,3,3,24,8,7,45,40,7,4,3,0,49,4,1
10,23,6,3,50,24,1,2,1,0,24,4,5,23,6,0,47,46,2,3,3,1,54,3,-1
1,30,9,2,20,47,7,1,2,3,48,4,19,31,6,2,69,49,6,0,1,4,45,1,0
2,28,11,3,77,59,7,3,0,4,55,1,19,24,5,7,54,49,7,3,1,0,58,4,-1
13,28,5,0,39,39,5,4,2,2,55,3,3,28,7,8,26,42,3,2,1,4,24,2,-1
20,35,13,6,64,56,9,6,1,4,54,4,4,30,6,8,29,58,0,4,4,1,28,1,1
2,24,10,2,27,59,0,5,3,0,26,0,5,32,8,3,25,45,2,4,3,2,29,1,1
7,32,6,9,39,42,7,4,0,0,22,4,3,36,13,7,52,52,4,5,1,3,51,4,-1
15,30,9,3,54,33,3,0,1,0,33,0,16,22,5,2,31,24,5,3,3,4,27,1,0
8,24,5,3,46,31,0,0,4,3,32,3,18,35,7,5,37,19,8,1,1,1,24,0,0
1,34,5,10,40,40,8,5,2,2,32,0,18,21,5,2,20,35,6,3,0,4,50,4,0
3,24,6,1,38,31,4,5,0,0,32,3,5,20,5,1,47,45,1,1,1,2,31,0,0
12,36,11,4,40,28,1,2,3,1,57,1,5,21,6,5,34,41,2,1,3,0,57,0,1
10,36,9,3,29,31,9,0,3,3,43,4,19,21,9,1,32,57,2,2,2,0,42,2,0
16,23,8,0,22,46,2,2,4,1,38,4,8,24,6,3,61,36,4,5,0,4,31,1,0
2,33,14,10,28,40,8,6,0,2,36,1,17,23,5,0,54,29,6,1,3,1,45,2,1
7,34,11,10,66,59,1,1,2,2,34,0,3,24,8,1,58,31,6,5,1,3,44,0,-1
20,29,7,8,64,32,3,6,1,0,38,1,4,28,9,5,71,40,1,2,2,4,25,4,-1
1,25,11,7,23,44,2,5,0,2,50,4,6,23,10,1,39,42,2,3,0,2,21,2,0
19,31,9,5,45,18,2,3,0,3,31,0,13,33,10,4,30,50,10,2,0,1,29,4,1
10,21,9,1,39,15,6,4,0,0,28,2,12,34,12,5,74,49,0,4,3,3,33,4,1
9,31,7,2,20,54,5,3,4,2,56,3,2,22,9,4,24,33,2,1,3,0,44,1,1
8,38,17,5,52,37,0,8,0,0,21,4,14,27,12,2,58,20,5,2,2,1,34,4,-1
20,23,9,5,76,47,4,4,2,0,23,1,7,29,9,0,73,52,3,4,3,4,27,4,-1
15,31,6,2,70,50,3,1,2,2,24,3,4,30,14,7,57,20,7,6,1,2,31,1,-1
8,20,8,2,31,58,3,3,4,4,27,1,18,36,16,9,28,43,7,8,2,0,56,4,0
14,20,7,4,66,23,4,0,1,3,45,0,4,22,8,0,45,25,5,1,1,2,53,2,-1
11,38,10,7,44,21,3,5,4,0,48,2,12,37,9,0,26,31,3,8,0,3,41,3,1
8,26,5,7,32,44,6,2,2,2,51,4,17,36,17,7,38,32,0,2,1,1,47,0,0
6,23,5,4,74,53,2,1,1,2,53,3,19,20,8,1,26,43,0,0,2,2,27,0,1
5,38,5,11,66,22,1,2,2,3,56,4,3,33,11,1,26,24,6,0,4,2,38,3,-1
18,20,9,3,30,56,1,2,3,3,24,4,2,25,10,0,53,58,2,3,1,3,43,0,0
14,37,7,0,33,23,7,1,4,0,58,0,17,30,8,9,77,43,1,6,4,2,25,1,-1
10,28,10,1,36,51,8,5,1,3,42,4,4,29,10,4,46,45,5,2,1,3,26,1,-1
17,21,8,5,62,15,2,4,3,2,45,4,14,30,12,3,68,53,7,2,1,4,52,1,1
20,22,8,2,36,59,2,1,0,1,21,4,19,28,13,7,36,15,8,4,2,1,44,2,1
18,31,7,5,53,26,2,4,3,2,36,1,5,36,16,7,38,22,4,0,4,0,37,0,1
9,34,14,6,36,37,9,4,1,4,26,0,13,38,12,1,78,37,1,3,2,1,58,0,0
3,32,6,2,56,57,7,1,3,0,23,4,12,32,6,0,35,59,9,3,1,2,53,2,1
13,22,7,6,65,43,5,0,4,4,35,3,18,34,13,9,49,39,6,3,4,0,49,0,1
13,37,8,1,56,39,0,4,0,0,43,3,14,31,14,4,56,57,5,6,2,4,53,0,1
20,27,8,5,72,59,1,0,1,0,22,4,4,24,10,6,42,23,2,3,1,0,54,1,0
17,22,10,4,75,39,0,3,4,1,30,0,3,22,7,3,48,23,2,0,1,3,28,0,-1
11,34,10,7,78,19,9,1,4,3,32,3,2,24,9,0,69,54,4,5,4,2,22,1,1
13,25,7,7,59,42,0,2,2,0,32,2,1,32,13,4,61,50,5,3,4,2,50,1,0
11,37,8,1,33,27,11,6,1,4,46,0,7,28,5,7,50,48,7,4,2,2,49,1,-1
2,24,9,5,23,34,7,3,1,3,46,0,15,31,10,0,29,15,5,1,2,1,33,4,1
3,31,11,0,25,29,2,2,1,1,53,1,20,23,5,2,32,55,6,4,4,2,51,1,1
14,30,7,0,63,42,4,6,4,2,39,2,20,24,7,2,20,52,6,1,4,2,44,3,0
15,35,15,7,79,39,0,4,4,2,26,2,12,31,9,7,79,17,3,5,0,0,39,3,-1
6,21,7,4,36,22,4,1,1,2,44,0,16,25,5,7,30,36,2,0,0,3,51,3,-1
10,37,16,0,21,47,0,8,4,0,32,3,8,26,6,5,58,40,5,1,1,1,59,2,-1
3,28,10,8,58,45,8,1,3,1,47,3,6,34,15,6,30,34,3,5,1,1,22,0,0
14,37,10,11,42,26,8,2,1,2,55,4,11,27,9,6,72,46,2,3,1,1,38,4,-1
3,38,7,5,34,47,6,0,4,1,43,3,10,24,8,3,63,34,3,1,0,2,51,0,0
2,21,6,3,25,53,1,2,2,1,31,2,4,32,6,7,40,29,0,2,1,3,49,1,0
14,24,9,5,64,55,5,5,3,4,33,0,2,39,6,6,25,31,10,8,0,3,21,2,-1
5,27,8,7,55,59,6,2,1,2,33,1,1,29,13,0,24,34,7,2,3,0,39,3,-1
11,34,9,4,68,58,7,3,3,2,39,1,5,33,6,8,56,34,9,4,0,2,25,4,-1
5,36,7,11,61,34,4,1,2,2,53,0,1,37,17,8,58,45,7,1,3,3,42,4,0
10,37,9,0,74,22,5,4,1,0,45,2,8,29,6,1,36,40,7,6,0,3,46,0,0
4,20,7,5,72,19,0,1,3,1,25,0,1,20,5,0,67,27,0,4,4,0,30,3,0
6,23,10,2,25,48,1,4,0,2,30,0,14,26,5,4,34,15,3,1,4,2,48,0,-1
17,31,10,9,30,49,7,5,1,1,28,2,3,27,12,1,25,42,4,4,1,0,31,4,0
16,34,16,3,34,57,6,5,1,3,40,2,5,35,9,8,55,25,2,6,3,4,32,2,0
14,35,9,3,65,41,2,7,1,3,49,1,4,21,5,4,23,40,0,2,3,1,58,4,1
7,29,12,3,39,18,5,6,0,3,32,4,17,28,13,7,77,56,7,0,1,2,56,3,0
19,26,6,0,37,33,3,1,0,1,24,0,4,22,8,1,52,35,0,4,2,3,26,2,0
9,32,13,8,21,49,6,4,1,2,58,0,14,36,15,6,43,33,3,5,1,4,55,4,-1
4,28,12,0,78,20,8,6,3,4,21,3,3,24,8,2,51,35,7,5,1,2,22,1,1
12,25,5,2,53,37,5,3,3,1,55,4,2,32,13,6,35,56,8,6,3,0,35,3,1
16,38,12,5,24,34,7,7,3,0,49,4,13,39,10,5,37,22,6,0,4,3,57,3,0
14,20,6,4,21,55,4,1,2,0,28,0,4,30,7,3,42,40,3,1,2,2,34,3,-1
20,31,5,9,57,32,2,5,1,2,35,3,10,33,13,4,54,16,10,1,2,1,33,3,0
10,20,8,5,20,30,5,4,3,2,54,0,2,25,5,4,72,48,7,4,1,3,44,3,-1
12,33,8,1,48,20,10,5,1,3,42,2,13,38,9,2,53,24,8,1,2,1,50,0,1
19,22,9,0,47,21,3,0,3,3,58,0,9,24,11,3,71,43,3,3,3,1,56,3,1
3,33,11,4,41,19,6,1,2,4,57,4,7,29,11,7,58,19,0,4,4,1,40,4,0
5,23,5,2,68,25,6,4,3,4,45,3,13,21,8,3,37,54,2,0,4,3,48,1,-1
10,36,13,0,75,23,8,0,1,3,48,0,13,29,6,7,40,42,6,1,2,0,34,0,1
13,24,8,0,42,51,7,4,0,2,20,4,19,38,12,2,43,31,4,3,4,1,50,3,1
20,38,11,2,47,57,9,4,4,1,57,3,15,36,12,7,44,23,1,1,2,0,55,3,0
9,29,9,3,31,41,7,1,4,4,51,3,18,21,7,1,34,31,1,0,0,2,33,3,0
18,39,9,11,51,35,2,6,0,3,37,4,20,32,9,7,65,54,6,6,3,2,41,2,-1
13,21,9,4,34,41,1,2,3,4,41,2,18,24,9,0,75,17,6,5,2,4,49,3,1
5,27,6,7,20,58,4,2,0,3,59,2,15,29,6,8,29,35,6,2,2,1,32,0,0
10,36,13,1,72,34,10,2,2,4,23,4,12,23,8,1,43,49,1,4,4,4,29,3,-1
13,36,11,6,23,43,2,7,4,1,23,1,20,37,7,11,79,33,0,2,4,3,49,1,0
4,35,8,6,68,47,1,6,3,0,47,2,19,34,15,8,79,59,0,0,3,3,46,3,1
7,35,9,8,71,24,1,2,4,2,49,4,9,25,5,2,64,33,1,2,1,2,24,4,-1
20,29,9,3,25,40,3,5,1,2,20,0,17,23,10,0,73,58,3,0,3,0,55,4,0
12,26,7,6,47,28,7,1,1,0,32,3,10,28,8,7,62,34,1,1,2,0,40,3,0
1,25,11,6,37,46,7,2,3,4,45,3,7,33,13,4,77,35,1,4,2,1,56,0,1
19,28,5,1,72,18,8,6,0,0,43,4,12,21,8,1,62,55,6,0,0,1,25,1,-1
10,21,5,1,29,48,2,4,3,3,29,2,5,38,5,6,40,34,9,3,3,4,34,3,0
9,36,6,8,75,17,7,0,1,3,54,3,8,37,15,2,24,25,7,7,3,3,55,4,-1
8,34,12,1,61,34,5,3,1,2,22,2,9,37,15,7,57,47,11,0,4,3,56,3,0
6,38,13,11,30,30,0,6,4,4,49,4,14,21,8,3,57,45,2,2,4,0,22,0,-1
20,24,7,4,47,43,0,3,1,2,30,1,2,34,16,8,40,38,1,5,2,3,47,1,-1
1,39,6,8,70,32,9,8,0,4,30,2,3,22,5,3,35,48,1,2,3,0,39,3,-1
8,23,6,0,66,52,6,4,2,0,33,3,3,31,5,6,28,49,1,2,0,2,46,2,1
2,25,10,3,72,22,5,2,2,2,39,0,14,27,12,5,42,36,8,2,2,2,38,0,-1
7,28,11,8,79,33,3,5,4,4,55,0,14,28,5,7,71,39,4,2,0,2,33,0,1
4,21,5,4,65,36,0,4,0,3,54,2,8,33,6,4,40,19,3,4,2,3,52,4,-1
9,22,5,1,43,46,0,4,3,3,34,0,4,38,14,3,48,36,7,4,2,3,48,2,1
7,31,7,5,63,16,7,1,2,0,20,0,4,37,5,11,25,40,10,7,2,3,20,0,-1
13,22,10,2,67,59,3,0,4,4,57,0,17,33,5,7,62,34,0,1,4,4,28,4,-1
9,38,15,6,74,55,6,2,2,4,20,3,17,38,16,7,27,59,11,0,4,1,58,3,0
5,33,11,6,68,34,1,1,1,3,49,0,8,23,6,4,38,42,3,0,0,3,34,0,1
2,29,6,2,30,27,1,2,0,0,58,3,9,22,8,5,46,16,4,2,1,0,31,2,1
1,34,14,4,40,45,8,6,0,3,40,2,13,37,8,2,64,23,4,5,1,3,53,2,1
12,28,11,7,30,46,8,5,3,3,52,1,15,24,11,3,56,15,0,3,2,4,29,3,0
3,34,15,10,68,52,4,7,1,3,31,0,11,23,5,4,69,19,5,2,2,2,23,1,1
14,29,7,1,25,29,4,5,1,4,56,1,11,24,7,6,25,18,1,3,0,0,48,4,1
15,36,17,5,23,19,4,8,0,4,53,4,20,38,7,9,53,46,2,0,4,3,40,3,1
7,38,5,11,43,49,1,3,2,4,36,2,4,37,12,5,76,38,9,2,4,4,27,3,-1
17,23,10,2,46,48,2,4,3,4,30,3,5,24,5,7,39,55,5,1,3,0,38,1,0
4,30,5,7,42,29,8,2,1,0,33,2,6,37,16,2,66,18,6,2,0,3,36,0,-1
1,38,10,2,78,19,6,1,4,2,22,1,8,29,9,1,60,38,2,5,0,2,38,1,0
17,26,10,6,22,15,3,0,4,0,34,4,8,32,12,7,24,23,0,3,2,1,59,0,0
14,25,7,2,27,17,5,3,4,4,51,1,4,32,7,5,35,16,7,0,1,1,35,3,0
2,34,16,1,58,17,7,6,2,4,58,4,13,26,5,0,60,44,4,4,4,2,38,0,-1
17,29,8,7,73,34,1,5,1,3,43,3,10,32,15,6,27,32,6,6,1,1,53,2,-1
12,34,13,0,77,43,9,1,0,1,27,0,17,25,9,3,76,43,3,2,0,0,38,0,1
2,23,8,1,34,27,2,0,3,2,56,0,12,20,8,2,44,24,4,4,2,4,56,0,1
17,34,13,8,40,34,2,2,3,4,36,4,4,35,11,8,54,32,2,3,0,3,26,0,-1
18,32,8,1,35,23,8,5,2,0,55,4,5,32,6,8,43,22,6,3,1,2,47,3,-1
8,23,9,3,62,49,4,0,0,1,29,4,1,24,10,7,21,36,0,3,1,2,44,2,1
6,31,10,3,43,43,8,3,1,3,45,0,17,39,11,11,35,31,7,5,4,1,49,0,0
5,26,12,7,72,39,0,1,3,0,31,2,6,23,9,6,55,23,2,0,0,4,41,2,1
9,21,8,4,34,37,3,1,3,1,59,0,2,24,8,1,30,29,7,3,0,0,45,3,1
10,38,15,4,27,54,3,0,0,3,57,3,13,34,13,1,45,19,3,3,0,2,52,1,0
2,33,9,5,57,36,1,5,1,4,50,2,15,25,9,7,63,59,2,3,0,0,30,4,0
11,25,5,7,23,49,3,2,1,0,31,2,12,24,5,1,38,37,6,5,1,1,25,3,1
2,30,9,1,53,22,9,5,3,0,58,0,17,39,12,1,41,43,5,8,4,1,55,4,0
11,27,6,6,27,41,5,4,2,0,48,2,10,31,14,3,28,41,1,2,0,0,48,0,1
20,22,5,6,46,40,5,0,1,4,48,3,3,37,8,0,69,15,9,3,3,1,30,0,-1
5,36,10,1,75,59,8,3,4,2,40,2,1,31,14,2,38,59,6,6,1,4,40,3,1
10,34,6,3,64,43,7,0,2,3,46,3,20,34,7,4,20,17,7,2,4,3,53,4,0
4,21,5,0,42,37,4,4,4,0,25,4,3,29,12,6,58,52,4,4,3,2,41,3,0
19,34,13,4,32,37,9,1,4,0,46,2,4,33,13,10,66,50,6,7,4,4,27,0,1
10,28,5,5,76,31,3,3,0,2,40,4,2,25,5,0,44,50,0,0,1,2,25,0,1
7,21,7,0,48,23,4,3,3,4,22,0,17,36,16,6,20,31,2,3,3,1,38,2,1
8,20,6,4,74,18,2,4,2,0,52,0,14,27,7,4,20,19,5,4,2,2,31,2,1
10,23,8,6,21,36,2,0,4,2,35,2,20,38,6,3,35,22,11,0,0,3,30,4,1
12,25,5,4,76,42,5,4,2,0,38,4,17,21,8,0,32,34,5,2,4,3,48,1,1
10,27,6,0,21,20,4,3,0,4,37,1,9,39,13,0,46,26,6,2,1,1,44,2,0
10,30,11,6,46,43,5,3,2,0,39,3,6,38,8,2,66,16,4,1,2,2,29,0,-1
16,28,8,1,48,18,0,2,1,0,29,4,6,34,15,5,70,35,10,7,3,1,49,0,-1
1,32,8,6,68,23,3,2,0,1,55,0,17,32,14,5,67,52,0,1,1,2,54,3,1
15,28,7,7,47,31,8,0,1,1,39,4,4,27,11,0,72,37,3,0,0,4,53,2,-1
18,20,7,1,49,24,1,2,3,2,32,2,3,29,10,0,74,41,7,2,1,0,28,4,0
11,36,16,11,52,51,8,1,2,4,21,4,7,30,10,9,59,50,1,3,2,4,34,3,0
2,32,8,5,26,57,5,7,3,3,34,0,11,22,10,5,69,15,5,4,4,4,29,3,-1
18,22,9,6,39,33,2,3,4,0,23,3,7,29,11,8,40,38,8,4,4,3,58,0,-1
9,38,17,2,58,36,8,5,4,1,42,0,6,31,11,2,49,36,8,4,4,4,51,3,1
16,36,11,7,40,16,4,5,3,1,49,0,13,36,15,9,70,28,9,2,3,1,28,1,1
14,34,10,2,73,29,7,7,2,4,28,0,7,20,7,2,29,54,1,0,4,1,53,2,-1
1,35,5,4,48,53,7,1,0,4,24,1,2,36,7,6,77,53,4,0,0,0,44,2,-1
3,30,14,8,73,42,8,0,4,0,41,0,15,38,16,2,73,55,6,2,2,1,34,2,1
14,37,7,1,51,22,5,5,3,0,59,3,8,34,16,3,76,59,1,1,4,4,34,3,-1
10,38,7,5,33,54,10,6,3,2,30,1,3,30,6,0,28,42,1,4,0,3,27,0,0
5,32,11,9,71,31,2,4,2,3,48,2,16,26,8,0,47,20,4,1,0,2,40,1,0
5,31,14,5,35,22,7,2,0,4,21,3,10,29,5,1,69,26,2,1,1,0,57,0,1
3,22,10,4,20,44,4,3,4,1,32,2,6,23,10,1,58,29,6,3,3,1,56,3,-1
8,24,11,5,25,35,7,2,4,3,25,0,1,33,15,7,59,43,6,7,4,1,21,2,-1
6,39,16,10,50,41,12,2,4,2,54,4,16,32,5,2,71,25,4,2,2,3,54,1,-1
4,30,14,2,22,30,4,4,4,1,38,0,15,23,9,4,38,57,1,1,4,2,44,3,1
11,21,8,4,78,19,2,4,3,1,23,0,14,29,8,5,44,28,1,2,1,2,40,3,-1
9,38,5,6,23,15,7,5,1,0,48,1,10,39,6,0,74,57,11,7,3,2,47,1,0
13,24,5,5,21,50,5,1,2,3,59,2,2,39,12,12,59,40,0,3,3,2,26,4,1
15,28,7,2,39,51,0,6,0,4,49,3,16,26,9,6,31,31,7,1,4,2,30,1,0
7,21,7,3,69,52,1,3,4,3,22,4,12,27,12,7,63,37,7,2,4,3,29,3,-1
4,23,9,1,41,18,6,1,1,2,47,4,13,25,6,7,65,38,2,3,3,0,20,1,-1
10,28,10,8,67,32,2,3,0,1,34,4,2,36,13,7,39,40,10,4,1,4,35,0,1
12,38,16,6,76,49,1,6,3,2,44,4,6,32,5,0,56,20,2,4,0,3,45,3,1
8,25,11,5,75,42,4,5,2,3,22,4,13,21,9,5,27,22,5,0,2,1,22,2,-1
5,28,9,3,58,36,3,4,4,1,39,3,20,32,5,5,55,47,0,6,4,0,43,1,0
13,27,12,6,56,42,8,4,1,1,36,4,14,37,17,1,32,57,4,4,0,2,34,0,0
12,20,5,3,28,15,3,2,2,1,35,0,20,34,16,0,64,28,8,0,2,3,20,2,0
19,26,7,6,36,47,7,1,4,4,40,1,11,25,9,4,70,22,0,0,2,2,30,0,-1
19,27,7,6,47,31,5,2,3,1,57,4,2,38,8,3,41,40,0,3,1,4,51,0,-1
4,38,14,11,54,54,7,0,1,1,59,0,14,31,12,7,35,18,5,3,2,0,35,3,1
14,21,7,1,43,56,0,1,3,1,38,2,13,24,7,1,46,30,0,2,3,0,45,1,1
18,31,11,3,42,15,5,0,1,2,40,0,20,39,5,3,41,35,12,0,3,4,34,1,0
14,34,13,4,43,19,5,0,2,3,42,3,20,37,9,11,54,36,7,6,2,1,29,0,-1
8,24,6,4,72,51,7,2,4,4,24,0,11,35,6,0,59,44,10,3,3,3,58,1,-1
8,26,11,1,40,48,6,3,0,3,20,4,9,34,5,0,76,56,5,1,4,0,41,2,-1
16,34,5,0,73,40,0,5,0,4,25,2,8,33,12,5,46,27,0,6,4,2,25,4,0
17,34,9,9,39,20,5,2,1,1,23,0,2,33,11,6,34,33,10,6,3,2,36,2,1
20,22,6,3,59,38,4,4,0,2,20,2,4,23,9,5,77,28,4,3,2,3,35,3,-1
13,22,10,6,62,45,0,4,1,3,58,1,2,35,7,9,57,32,1,4,4,4,58,3,0
11,24,10,5,75,58,3,4,1,1,34,1,13,28,9,3,25,17,0,3,3,0,38,4,0
6,20,8,5,67,25,4,2,1,2,28,3,3,31,11,0,37,55,8,6,1,2,24,3,1
2,35,13,9,33,56,8,5,1,0,44,2,13,39,6,9,54,25,10,4,4,4,26,0,0
2,29,6,5,78,25,0,2,1,2,45,0,12,31,14,3,58,16,9,2,2,2,34,3,-1
11,36,12,3,40,22,4,3,3,4,31,4,17,35,14,6,64,51,2,6,3,3,38,4,0
5,39,13,5,55,16,5,1,4,3,49,4,20,38,11,1,32,57,5,3,3,3,55,0,1
19,25,8,6,34,34,0,3,1,1,24,3,6,30,9,5,77,18,1,4,1,0,50,3,1
10,38,9,1,78,24,1,1,3,0,51,4,3,30,12,0,30,35,3,6,1,1,31,0,-1
11,34,16,4,61,21,1,1,3,3,38,1,1,30,12,1,62,25,2,3,2,1,46,0,0
2,35,6,5,49,34,5,3,0,4,29,3,17,29,12,0,32,55,5,1,4,4,41,0,0
11,35,6,9,44,16,7,0,3,1,28,1,9,21,8,6,79,16,0,2,3,3,43,2,0
14,34,16,4,47,34,6,7,4,1,33,4,2,37,12,1,77,26,5,7,3,4,55,4,-1
1,23,8,1,57,17,6,4,2,2,24,3,13,27,7,6,50,28,5,3,0,4,42,4,1
14,31,5,8,73,58,1,4,4,2,42,2,15,33,15,0,72,45,2,0,3,2,42,4,1
20,24,5,4,25,39,6,5,1,4,24,3,3,27,11,0,39,58,6,2,2,4,45,2,0
3,34,5,0,21,43,3,5,4,2,52,2,1,22,9,2,63,26,3,4,3,0,58,3,1
19,32,15,8,41,42,3,6,4,4,41,2,6,38,12,3,27,56,9,2,1,2,32,3,-1
20,35,11,2,31,29,6,5,2,1,46,2,19,25,6,2,38,20,5,3,0,1,47,0,1
8,34,12,6,30,53,3,0,3,1,57,3,20,30,7,4,56,38,8,4,0,4,23,2,-1
7,30,10,8,42,59,6,1,3,2,45,0,14,38,5,3,33,28,2,0,2,3,48,4,1
14,25,6,2,66,52,7,0,1,0,37,0,19,28,13,6,67,52,3,0,0,3,53,3,-1
4,23,5,6,49,23,4,2,4,2,55,1,11,39,15,10,46,46,8,1,3,3,48,2,1
4,36,11,9,67,53,8,3,2,1,31,3,5,37,14,4,26,15,9,6,1,4,25,3,0
19,37,9,8,61,47,9,4,3,2,58,0,5,31,11,0,62,29,1,3,4,3,37,2,1
11,31,10,4,77,47,9,2,3,2,37,3,18,36,6,7,41,16,11,5,1,0,40,2,1
14,38,11,0,28,59,5,4,4,1,51,2,7,29,11,6,48,17,2,1,3,4,34,2,0
12,25,9,4,38,17,7,1,3,3,40,2,15,32,12,6,35,27,2,7,0,3,33,4,-1
7,26,10,1,60,36,7,0,4,3,20,1,15,30,12,7,68,39,1,3,0,0,45,0,-1
11,34,9,10,44,32,10,5,3,1,47,2,6,34,13,7,51,34,0,3,0,1,22,1,0
16,32,9,8,39,32,1,1,1,4,31,4,7,37,13,6,30,33,2,6,4,1,33,4,-1
1,30,11,5,42,33,1,3,3,3,52,2,19,39,17,0,56,40,2,1,2,4,42,3,0
16,32,12,6,74,36,4,1,4,0,20,2,3,30,11,1,42,29,0,4,0,2,37,2,1
8,29,11,1,67,34,5,2,0,4,50,4,19,27,12,0,42,34,4,5,4,3,36,3,-1
2,28,10,8,57,20,1,2,4,2,52,2,18,37,5,3,43,59,2,0,3,0,53,0,0
19,38,13,0,61,33,0,1,3,1,53,0,16,32,10,4,77,20,8,7,2,1,29,0,0
20,34,8,7,28,59,8,1,3,0,35,2,9,39,9,6,24,34,1,1,4,4,23,1,-1
10,27,7,8,49,25,2,4,4,1,32,3,9,32,9,9,79,23,3,6,1,3,42,4,1
14,24,11,6,44,45,1,3,3,0,21,0,19,32,14,6,47,56,6,5,2,1,54,1,1
20,38,10,10,79,33,7,8,3,0,54,0,5,38,10,3,26,44,2,0,0,2,27,1,1
10,32,11,9,53,50,8,5,1,4,44,0,17,33,12,10,45,48,2,2,4,2,45,4,0
7,38,8,5,78,21,8,0,4,3,54,2,8,22,10,4,59,21,2,0,2,3,42,0,1
11,20,6,3,56,55,2,0,2,4,51,2,10,39,18,2,71,28,12,0,3,3,42,1,0
14,34,10,10,34,50,6,7,2,4,53,4,18,39,5,12,20,48,11,8,4,1,37,4,1
6,27,7,5,21,31,4,5,0,4,39,4,14,22,9,1,77,57,0,1,1,3,40,1,0
6,26,5,4,24,34,7,2,0,4,59,0,17,24,6,0,21,23,2,3,1,4,57,2,0
1,26,5,6,52,15,7,3,3,4,37,2,18,30,5,9,60,50,5,5,1,1,43,0,-1
18,36,9,10,58,56,0,1,2,1,53,1,13,23,7,6,75,32,1,1,0,3,48,4,0
14,34,16,9,70,20,3,7,2,0,43,2,9,22,10,5,48,36,2,3,4,2,53,0,1
16,36,10,6,44,29,7,5,2,2,53,2,18,37,17,0,71,35,5,4,0,2,20,2,-1
16,27,6,0,55,24,0,0,2,3,26,3,12,34,6,3,33,28,6,7,2,1,29,1,-1
17,31,10,5,51,55,3,0,4,1,25,2,5,37,10,0,42,37,9,6,3,2,45,0,1
4,24,9,1,74,47,7,5,4,1,54,2,13,21,5,0,60,37,6,2,1,1,26,0,-1
14,25,11,1,26,40,1,5,3,4,36,0,20,29,7,2,31,30,8,6,2,3,36,2,0
2,37,11,8,42,36,9,0,2,1,44,4,4,35,15,4,57,55,7,7,0,0,43,4,-1
2,23,5,0,72,44,1,2,4,4,37,4,9,29,5,1,61,34,4,4,1,0,28,0,-1
4,39,12,7,66,57,11,8,4,2,34,3,18,24,11,2,45,40,0,1,1,3,37,4,1
2,29,7,0,63,47,0,6,2,2,45,2,1,27,8,3,72,21,3,4,0,0,44,1,0
16,26,8,5,35,34,7,0,2,1,45,0,8,32,8,2,71,18,9,2,1,3,49,0,0
12,32,12,1,63,40,4,3,3,1,28,4,1,36,16,1,39,34,10,2,3,1,55,2,0
12,25,9,7,55,36,1,3,3,2,49,4,14,38,12,6,51,33,5,3,2,4,56,2,-1
11,22,6,4,42,51,0,2,4,0,45,4,15,27,9,8,30,52,7,1,4,2,33,1,0
12,21,5,1,77,31,0,2,2,0,31,3,14,29,6,4,41,18,1,4,2,1,31,0,0
2,27,9,2,30,26,8,1,1,2,55,1,6,39,12,3,48,56,11,5,1,4,41,4,0
7,26,5,0,45,52,5,5,4,3,41,3,20,29,11,5,36,52,7,2,1,4,25,4,-1
7,37,12,11,76,46,11,8,3,1,51,1,1,30,11,1,76,54,6,4,0,4,21,1,1
1,21,8,2,70,32,5,4,3,4,29,3,5,36,15,1,77,40,3,0,4,0,23,1,1
18,38,14,6,78,30,0,7,1,4,27,1,5,35,9,9,49,27,2,4,2,1,59,2,0
12,30,6,4,41,26,1,6,4,1,45,3,2,35,11,7,79,23,4,4,4,2,29,3,-1
9,37,14,7,26,54,11,2,3,4,25,0,14,23,7,3,45,51,6,4,4,4,46,4,1
16,27,12,4,61,39,4,0,3,0,31,4,4,39,10,11,75,49,4,1,1,4,58,1,-1
16,30,14,5,23,47,6,0,4,2,29,2,14,34,10,4,48,33,5,2,1,3,23,1,-1
12,23,9,2,28,32,2,2,0,1,33,3,2,28,6,3,24,48,0,6,1,0,46,2,0
10,36,10,6,41,18,0,8,3,1,43,2,7,30,6,6,43,40,8,6,4,2,23,3,0
4,36,10,1,76,26,6,4,3,3,50,1,3,39,11,11,35,51,4,0,1,4,32,2,0
13,33,8,3,39,33,6,0,3,4,23,2,18,21,6,4,74,24,1,0,4,4,29,1,0
19,20,8,0,58,28,4,4,0,0,36,4,8,39,17,7,57,57,2,3,1,0,32,0,0
11,23,6,3,29,45,5,0,0,1,46,4,17,35,12,6,71,34,5,5,0,3,24,4,0
15,38,5,0,64,17,9,4,2,0,59,2,6,32,10,6,39,58,1,4,2,4,32,0,1
9,21,7,2,75,21,5,1,1,2,39,0,17,36,15,1,55,33,0,4,1,4,26,0,1
4,32,8,5,44,19,3,7,4,0,23,2,8,33,9,1,61,33,1,0,2,2,42,0,-1
15,34,16,7,79,49,5,2,2,4,31,3,9,20,9,0,64,15,1,2,2,3,41,1,0
18,36,17,1,63,22,5,1,3,1,57,2,7,28,13,7,70,49,1,4,3,3,58,3,-1
12,30,10,6,67,34,5,6,3,0,20,0,2,31,14,4,63,56,5,3,3,1,21,1,1
12,23,10,0,50,53,6,1,1,4,53,3,17,34,10,1,56,46,2,2,1,2,22,4,-1
16,26,9,7,21,18,1,0,3,2,24,1,17,28,7,4,43,52,3,2,2,2,23,0,-1
8,22,8,0,59,27,3,4,2,0,55,0,16,22,5,0,21,27,3,1,3,3,45,2,1
3,24,8,6,58,27,0,0,4,4,31,4,12,29,5,8,59,30,2,2,4,1,30,4,0
10,21,7,6,30,59,6,4,1,0,51,3,20,21,6,0,31,21,6,0,4,2,25,4,1
14,25,6,7,41,34,0,3,0,4,27,4,6,36,8,0,41,19,6,1,4,4,49,2,1
10,29,6,6,52,30,5,5,2,1,47,1,15,32,13,4,74,42,4,6,4,3,43,4,1
13,29,9,5,24,37,1,4,1,2,28,4,7,38,11,3,22,43,3,0,1,2,46,0,-1
7,33,6,10,55,25,1,2,0,2,54,3,6,26,5,0,62,52,3,2,2,1,37,3,-1
10,28,6,1,79,52,1,3,3,4,25,0,5,22,6,4,65,40,4,4,4,1,57,3,0
8,34,15,0,35,51,2,3,4,2,40,1,5,25,6,1,78,52,5,0,2,0,26,4,1
20,33,6,8,48,23,9,1,4,3,39,4,8,24,10,6,42,55,7,4,3,4,52,0,-1
13,36,15,11,47,22,6,4,1,1,55,0,19,33,6,8,28,41,0,6,1,1,44,4,1
6,37,11,1,31,36,4,3,3,0,20,0,2,20,9,3,64,44,0,2,2,3,45,4,-1
10,23,7,0,70,29,6,0,1,2,20,1,3,38,8,10,24,49,9,1,1,0,42,2,1
3,26,5,1,52,51,7,1,0,3,39,1,12,23,8,4,20,49,5,3,0,0,35,1,1
1,38,10,7,62,59,3,4,4,3,55,3,5,23,8,4,37,30,0,1,1,4,55,3,1
15,36,16,2,28,45,0,4,1,3,33,2,7,20,7,1,58,34,1,2,0,2,56,1,-1
7,31,7,4,36,56,9,2,0,4,28,0,14,20,8,3,37,23,5,0,4,4,33,0,1
6,34,8,1,69,58,6,7,2,2,57,4,10,29,6,3,77,39,8,5,4,3,33,0,-1
8,21,8,4,73,19,6,4,0,1,51,0,12,22,10,1,31,43,2,1,0,4,49,0,0
2,33,8,8,70,27,6,3,2,0,21,4,3,28,6,1,32,19,7,2,0,1,56,2,-1
3,30,14,0,61,26,0,3,1,2,58,1,6,37,9,3,59,58,5,4,2,1,49,1,-1
15,38,8,7,44,33,4,7,2,2,59,1,9,38,6,9,48,53,11,8,0,2,56,2,-1
15,26,6,7,31,22,4,1,3,4,24,0,16,24,10,6,32,42,0,2,0,2,37,1,-1
16,26,5,1,67,15,0,5,1,0,25,1,13,25,6,7,37,41,0,3,1,0,48,1,0
14,26,8,2,33,36,2,1,0,4,40,0,6,29,9,6,78,23,3,1,0,4,53,2,0
2,25,7,6,61,20,6,0,2,2,37,0,3,39,16,4,22,25,8,3,4,0,46,3,1
18,32,13,1,56,59,7,2,3,2,48,2,12,35,10,9,60,57,9,0,2,1,43,1,0
19,22,6,5,44,15,4,2,1,1,28,4,8,20,9,2,61,20,3,3,3,4,36,2,0
20,31,11,1,75,36,6,5,4,0,40,2,3,24,7,2,68,16,7,0,4,2,47,3,1
11,27,5,2,21,53,4,4,1,4,40,4,2,39,17,5,39,39,1,8,1,0,22,0,-1
19,32,7,8,76,49,4,1,4,0,22,3,5,39,9,7,59,47,7,7,1,3,35,1,-1
13,26,5,5,51,38,7,3,0,1,42,1,10,32,15,1,34,50,0,6,4,0,29,1,-1
18,23,6,4,79,30,2,1,1,4,42,4,7,33,5,0,44,35,0,6,0,2,36,1,0
20,26,12,4,37,37,5,5,0,1,28,0,19,36,7,10,25,49,7,4,1,3,44,3,0
10,35,14,0,35,21,2,1,3,2,40,1,11,30,8,0,51,55,5,2,3,0,21,0,-1
6,39,10,6,52,15,4,5,4,1,34,4,3,33,14,5,26,45,7,2,4,1,51,0,0
8,35,12,5,46,39,10,7,3,1,37,4,4,28,7,7,39,56,5,2,4,3,54,2,1
11,35,11,3,49,37,2,3,2,4,56,4,17,37,15,9,63,16,3,3,3,1,57,2,0
19,21,7,4,30,51,1,1,1,2,28,2,11,30,7,4,58,28,7,3,2,0,40,1,1
15,35,10,4,79,58,1,6,4,4,23,3,19,33,12,8,76,49,4,4,1,1,52,2,-1
17,21,7,3,55,26,4,1,1,4,36,3,11,33,5,5,70,38,5,2,1,4,43,1,1
15,20,6,3,31,57,3,3,4,1,30,1,11,22,8,4,61,42,2,1,1,3,43,1,0
13,23,7,3,24,47,0,1,1,0,56,1,8,26,11,7,47,53,5,3,4,1,57,3,0
18,35,13,6,57,42,4,2,3,1,39,2,12,35,16,10,59,17,6,6,4,1,38,1,-1
16,37,13,9,44,28,11,8,2,2,59,1,19,23,7,2,47,35,2,0,1,2,49,2,-1
9,30,6,5,25,57,7,3,4,2,49,1,18,28,6,0,29,48,6,4,3,0,25,3,1
8,38,15,0,62,47,7,4,0,0,53,0,13,22,6,6,34,34,1,0,2,3,43,1,0
11,27,11,2,68,52,7,5,4,2,47,1,16,34,16,0,52,30,8,0,3,0,48,4,-1
5,25,7,0,32,15,3,0,1,0,22,2,10,31,14,8,68,39,5,3,4,1,33,0,0
4,22,9,3,50,52,2,3,3,4,30,0,12,26,8,6,78,53,1,5,1,0,53,4,-1
4,36,6,1,47,41,7,0,3,1,31,4,12,28,11,7,51,28,8,4,4,4,50,4,0
11,32,15,8,70,49,6,6,2,4,58,4,5,37,10,7,36,41,0,0,1,3,46,3,0
17,39,5,2,75,22,5,5,4,4,55,1,18,31,11,0,34,23,6,1,3,0,58,1,1
6,30,8,2,53,52,7,5,0,4,37,0,12,39,10,10,29,26,4,5,2,3,24,0,0
16,27,7,3,70,28,6,4,1,1,30,0,14,31,6,1,26,37,7,6,0,4,22,2,0
20,36,16,11,49,31,10,2,3,1,46,2,2,36,8,6,51,24,10,5,2,0,53,3,-1
17,27,10,4,59,33,2,1,4,2,38,1,8,39,15,6,68,26,12,6,0,0,55,4,-1
20,29,5,6,52,21,7,2,0,3,54,3,7,23,8,0,32,37,2,1,4,0,31,1,1
11,21,5,2,53,53,3,2,4,1,35,4,13,24,5,4,63,33,6,5,4,4,21,0,0
11,26,5,6,38,20,2,4,2,1,38,3,6,25,5,0,56,42,5,0,0,0,20,2,0
18,30,5,0,32,51,3,0,3,2,37,0,10,33,15,0,74,43,3,4,1,4,36,4,-1
2,23,8,5,71,35,4,4,0,1,58,3,5,20,8,0,40,30,5,3,4,3,27,2,-1
19,21,8,1,37,36,5,0,2,4,52,4,1,32,15,8,33,38,2,6,2,0,49,2,1
14,31,5,7,68,35,8,6,3,2,53,1,12,29,10,3,43,26,6,6,2,1,56,0,0
18,34,14,7,70,38,5,4,2,1,20,3,9,33,8,9,31,52,10,3,1,1,58,2,1
1,37,13,9,75,38,8,6,4,0,29,3,13,21,7,2,50,20,2,2,4,3,47,1,0
15,37,11,1,37,55,7,1,3,1,45,1,18,24,7,0,53,15,2,1,4,3,42,4,1
12,37,5,0,43,28,3,4,2,3,50,4,20,35,12,7,73,40,1,7,0,0,30,2,1
11,36,14,5,58,56,11,2,3,1,33,3,5,34,14,9,51,40,2,0,4,1,21,0,0
7,28,10,1,65,15,8,3,4,2,55,3,20,27,9,3,28,55,5,1,3,1,58,0,0
19,34,11,4,35,15,2,4,2,4,36,1,16,27,9,0,21,44,3,3,1,2,29,3,-1
4,32,6,7,21,47,9,2,0,3,54,0,13,26,9,1,20,56,4,0,3,2,24,0,0
9,31,13,8,25,48,8,3,4,0,52,2,7,25,9,6,53,55,5,4,1,3,55,4,1
8,35,9,3,35,36,2,7,1,4,48,1,4,29,11,1,20,53,4,0,3,3,39,1,1
9,33,5,1,58,24,5,3,0,4,20,4,2,35,5,6,67,59,10,0,0,1,32,2,0
3,34,13,9,27,35,10,1,4,0,30,3,17,35,13,1,56,15,3,3,1,0,22,0,0
12,21,7,1,49,36,5,1,1,1,51,1,10,35,16,0,72,22,1,4,4,3,27,1,0
5,38,10,10,30,57,3,3,4,1,29,1,18,28,7,6,23,20,3,1,0,2,25,4,1
16,30,11,9,75,36,8,2,1,1,55,4,8,21,6,0,47,27,2,0,4,4,51,1,1
9,21,6,3,56,55,0,0,1,3,54,1,16,34,15,5,31,59,0,7,2,1,30,4,-1
3,39,18,1,68,45,9,7,1,1,37,0,18,38,12,11,27,45,2,2,3,0,55,0,0
19,31,9,3,54,25,3,3,2,3,59,3,9,35,15,4,71,34,3,2,4,4,28,3,-1
13,25,6,4,58,42,1,2,2,0,32,4,16,21,6,5,41,27,1,0,0,4,39,0,-1
13,35,6,0,51,57,7,3,2,4,31,3,15,35,15,4,68,57,0,2,0,2,31,1,1
14,32,11,3,61,52,7,0,3,2,48,0,1,39,10,7,76,33,1,5,3,0,27,0,0
9,24,11,4,44,22,7,5,4,3,34,0,2,22,10,5,33,50,1,0,1,2,29,0,1
15,30,5,4,26,33,8,4,2,4,31,3,1,24,7,0,77,55,6,1,1,2,40,0,-1
19,36,10,3,20,32,2,8,4,4,34,2,20,31,8,0,43,50,2,0,1,3,39,0,-1
12,31,6,4,39,39,4,0,2,0,44,2,11,39,5,0,36,39,10,7,4,4,54,2,1
9,35,5,1,33,15,9,1,0,1,35,4,18,34,11,2,27,48,1,2,1,2,42,0,1
4,29,5,3,51,47,0,1,0,3,34,4,14,21,8,2,43,59,2,2,1,0,46,3,-1
20,36,16,9,56,43,1,5,0,3,33,3,1,29,10,3,34,45,6,1,0,1,29,4,1
5,37,15,4,71,51,7,3,0,1,47,4,3,27,8,5,43,40,0,5,0,0,37,1,0
8,26,11,7,41,56,2,0,4,0,50,0,6,32,14,2,54,47,4,7,3,1,51,0,1
15,32,9,0,51,33,0,3,4,1,34,2,6,30,10,3,28,51,3,1,1,1,47,4,1
19,25,10,3,77,38,4,4,2,3,38,4,9,38,12,9,64,42,7,1,3,3,48,0,-1
4,22,6,0,44,20,1,2,2,0,37,0,10,35,11,2,74,18,8,4,2,1,38,1,1
10,33,5,8,38,44,4,6,2,3,58,1,6,35,12,5,57,55,3,2,2,4,36,3,1
15,32,15,9,41,42,7,4,0,1,23,0,14,33,12,1,62,30,0,4,3,1,28,2,1
3,34,6,7,33,21,3,1,2,4,57,2,14,26,11,6,45,15,7,3,4,0,20,2,0
14,29,5,3,75,40,4,4,0,2,30,0,11,25,9,5,75,45,5,4,2,1,33,1,-1
4,26,6,7,29,31,5,4,3,4,20,0,2,34,5,5,44,40,10,3,0,4,49,0,-1
16,36,12,0,31,19,7,5,0,0,44,0,8,29,7,0,38,57,1,1,0,0,55,4,-1
17,39,6,2,62,18,0,1,4,1,34,0,12,35,15,6,39,52,7,4,1,0,43,0,0
12,34,7,10,41,24,9,6,2,3,50,0,17,32,7,4,65,35,9,7,3,2,44,2,0
17,30,7,8,57,36,4,2,2,2,56,0,13,22,8,4,45,50,2,1,0,4,45,1,1
1,23,7,4,21,31,5,4,4,0,32,2,12,35,15,1,61,58,7,2,1,4,36,2,0
20,38,11,8,38,59,5,7,1,4,42,1,13,37,6,10,50,47,10,0,4,3,35,2,-1
6,36,13,1,36,45,11,6,4,2,55,2,11,23,7,1,43,31,6,1,3,4,31,0,-1
19,37,15,3,22,58,9,7,4,3,47,4,20,39,7,4,23,29,0,2,1,1,42,1,-1
3,20,7,2,56,33,4,0,0,3,48,1,12,23,5,5,69,41,0,2,4,0,42,3,-1
5,28,7,5,43,25,8,4,3,2,20,3,11,38,18,0,41,28,0,8,2,3,35,0,-1
6,31,11,2,57,53,0,0,4,4,25,0,17,35,5,3,29,38,9,0,4,2,53,0,1
13,21,5,4,75,17,4,3,4,4,42,3,1,37,12,4,26,47,4,0,3,4,27,3,0
5,24,10,1,77,40,0,3,1,0,52,3,1,35,9,6,75,40,6,1,3,1,31,0,0
9,38,14,8,61,30,7,1,4,2,53,0,3,37,12,8,32,16,6,4,2,0,41,2,-1
7,27,6,4,28,39,8,0,1,2,39,1,20,28,10,0,79,39,5,3,3,2,42,2,0
4,36,9,8,52,41,3,5,1,2,56,0,8,31,12,7,51,52,5,1,2,3,39,0,0
16,30,8,0,67,33,4,5,0,0,28,2,4,36,16,8,64,22,1,0,0,3,25,0,1
5,37,5,1,20,33,5,7,2,1,44,1,16,24,11,7,38,32,1,4,0,1,58,0,1
14,35,13,5,41,30,3,4,3,0,56,2,11,32,12,7,24,26,8,2,2,0,41,1,-1
9,37,17,6,46,50,0,7,1,2,24,2,18,26,10,1,64,37,2,5,1,0,32,0,0
5,23,5,0,71,16,1,4,2,2,32,2,17,20,5,3,23,27,4,0,2,4,24,0,0
9,38,9,1,29,30,4,7,2,1,55,1,6,29,5,4,32,15,6,2,2,3,54,2,-1
7,30,5,5,59,15,9,3,0,2,22,3,18,30,5,8,62,59,9,3,0,3,32,0,-1
5,33,12,3,58,33,5,3,2,0,32,3,14,33,10,9,67,45,4,6,2,1,21,4,-1
13,37,16,2,20,54,5,1,2,0,27,3,19,30,12,8,45,16,5,4,4,1,38,3,0
16,24,6,6,75,46,1,0,1,0,21,1,12,20,8,0,31,23,3,0,3,0,41,0,-1
18,37,8,7,32,57,11,8,0,1,51,2,6,32,11,5,48,36,0,4,4,1,54,1,1
5,33,7,9,21,20,7,3,0,3,59,2,7,33,10,4,20,33,0,3,1,2,46,3,-1
3,25,11,0,63,37,5,0,4,0,32,3,6,24,9,6,47,42,5,1,3,2,54,1,-1
7,38,16,1,52,39,7,4,2,3,21,0,17,26,9,2,62,46,1,0,1,1,54,3,1
11,23,5,3,69,45,3,4,0,2,56,0,12,33,13,2,77,27,2,2,1,4,35,1,1
13,28,13,6,34,54,2,2,4,1,32,0,4,30,11,9,50,30,9,4,3,0,25,3,0
18,28,11,1,27,57,6,0,2,0,21,4,4,37,8,5,23,20,5,0,3,2,50,4,0
3,34,15,1,66,51,0,0,2,2,54,3,16,26,9,5,28,26,6,4,3,2,52,2,1
13,20,7,4,43,30,0,3,2,2,22,0,12,26,5,0,51,23,4,1,4,2,48,3,0
1,31,10,3,74,31,3,2,0,1,46,4,7,34,12,0,39,28,3,4,4,3,34,0,1
19,25,11,7,43,37,7,1,0,0,36,0,13,31,14,6,38,43,1,3,2,1,34,2,0
16,26,10,2,77,21,3,4,3,3,48,3,2,24,11,4,49,43,1,2,1,4,46,2,-1
3,26,9,0,76,23,4,0,1,4,34,4,11,22,7,2,27,46,3,1,4,4,54,4,0
8,31,6,1,60,16,1,2,2,3,42,0,9,37,8,8,49,32,9,0,1,0,42,3,-1
2,23,5,4,55,49,3,1,1,3,40,1,14,29,11,2,51,34,8,3,2,1,56,3,-1
8,25,7,7,63,32,2,1,0,4,44,4,7,33,7,1,43,52,9,2,3,0,20,1,0
15,20,9,2,20,22,3,2,0,2,44,0,19,31,5,2,25,22,3,4,0,3,58,3,0
15,28,6,6,68,30,0,3,1,1,30,1,5,20,6,1,42,55,5,1,1,3,34,1,1
10,28,6,3,28,30,3,2,0,1,35,3,17,32,8,5,45,25,7,4,2,3,29,4,0
1,30,14,9,31,28,8,2,3,3,26,1,20,38,13,9,55,16,9,4,1,1,35,2,0
17,23,7,1,58,23,3,2,0,1,42,4,14,30,11,8,23,39,9,0,4,3,53,0,0
6,24,8,7,41,19,2,3,4,0,48,2,5,29,7,5,68,19,5,6,2,2,44,2,1
18,27,7,7,70,49,1,3,2,2,38,1,4,36,13,0,66,44,6,5,2,2,48,2,-1
4,27,7,6,74,20,0,0,2,2,40,0,18,34,11,8,62,33,4,1,3,0,26,0,-1
10,36,6,4,37,40,0,5,4,4,51,2,6,25,7,2,52,32,4,4,1,4,45,0,-1
2,29,8,6,75,30,4,4,3,3,36,3,7,35,7,9,66,26,4,1,4,1,53,4,1
15,22,5,1,78,29,5,2,3,4,26,0,1,24,10,3,41,32,2,0,1,1,43,1,-1
15,22,9,4,56,17,6,2,3,3,47,3,5,37,14,3,55,47,9,7,0,0,27,4,0
12,31,7,9,58,26,3,4,0,3,33,2,16,26,9,1,48,23,3,1,2,0,28,4,-1
2,28,11,2,58,20,1,2,2,4,31,4,13,29,9,3,69,50,7,4,4,4,31,1,1
8,37,13,6,61,23,5,4,3,0,41,2,2,38,7,2,42,56,10,1,1,4,37,2,0
3,39,11,8,43,22,8,4,4,2,35,3,12,23,10,5,25,19,5,4,4,1,23,2,-1
18,35,16,10,35,40,4,0,3,1,33,2,11,39,13,9,36,26,5,2,2,0,48,2,-1
16,35,10,4,40,18,1,3,0,3,36,2,20,20,9,3,50,44,0,1,2,1,49,1,0
11,26,12,2,37,27,4,2,3,0,49,3,3,31,13,2,65,21,5,2,2,3,28,2,0
8,24,9,5,61,59,4,1,4,3,25,4,16,37,11,11,57,15,3,2,3,2,42,2,0
20,30,13,2,51,19,3,5,3,1,25,2,8,23,7,2,24,27,0,4,2,4,27,0,0
13,23,7,3,66,29,5,2,4,4,47,0,3,29,5,7,67,28,0,1,0,2,32,0,1
3,35,12,6,64,45,7,0,2,4,49,4,1,26,11,2,66,30,2,5,0,3,37,3,-1
8,26,11,4,41,59,4,3,0,3,32,2,1,31,9,6,27,51,8,5,1,3,55,3,-1
8,27,9,0,71,48,3,4,0,0,22,3,17,38,10,9,73,43,10,5,4,0,41,4,-1
19,30,12,6,61,53,4,3,4,0,40,1,18,22,8,6,24,27,2,3,4,4,25,1,0
16,28,8,4,50,35,7,0,4,2,56,0,8,29,8,4,39,48,0,3,4,2,59,3,0
16,34,11,10,68,35,9,3,1,3,46,4,20,28,9,3,28,57,6,4,1,3,24,4,1
9,28,10,3,21,17,1,4,2,4,37,3,16,24,5,3,47,40,1,2,2,0,55,0,-1
2,28,9,2,38,42,2,5,3,4,30,4,9,20,5,0,73,15,2,1,4,1,42,1,-1
15,29,8,8,66,37,4,4,0,1,38,3,9,34,9,0,79,57,8,2,2,1,53,4,-1
7,38,10,9,41,43,0,5,4,2,22,2,8,29,12,4,23,27,8,0,0,1,56,0,0
12,31,7,9,63,58,1,1,0,4,23,3,11,35,14,1,54,33,5,2,2,4,27,1,1
6,37,7,11,45,24,3,6,1,2,26,1,15,38,16,0,47,33,4,6,3,4,32,2,1
16,36,10,1,47,33,3,5,4,1,52,3,15,29,12,0,31,16,5,0,1,2,26,3,1
17,29,10,5,76,47,5,3,4,4,46,2,9,27,9,1,63,48,4,2,1,2,27,0,-1
5,23,5,4,21,45,3,0,3,3,31,2,16,36,8,7,43,25,10,7,1,3,27,0,1
14,30,12,4,66,42,2,6,1,4,31,0,2,39,8,2,24,17,8,2,1,3,56,0,0
10,23,10,6,44,36,6,4,3,0,45,2,3,20,9,4,40,23,0,4,2,3,25,4,0
5,33,12,9,49,40,4,4,4,2,27,4,9,29,7,4,54,46,4,0,1,3,39,1,1
18,38,16,7,25,58,6,1,3,4,59,1,1,35,11,6,46,28,0,0,3,3,55,2,1
6,27,11,5,57,24,5,0,4,2,31,2,16,25,10,1,64,53,7,4,4,4,32,1,0
2,37,9,2,61,32,8,4,1,4,41,4,4,36,13,7,63,28,7,6,4,2,47,0,0
7,33,10,10,33,35,7,2,3,4,48,1,8,22,9,3,66,19,6,2,1,2,30,2,1
10,32,5,9,44,47,0,5,3,1,57,3,15,34,8,7,23,44,1,2,3,3,28,0,0
1,21,9,5,78,18,3,1,2,2,33,4,12,27,8,8,57,40,1,1,1,0,44,4,-1
13,31,13,4,44,30,8,5,2,0,42,0,19,30,8,6,53,20,5,1,3,4,27,0,0
12,23,8,0,54,36,6,4,2,4,50,4,15,39,5,12,42,38,1,6,4,4,23,1,0
5,29,11,5,79,29,8,2,1,4,44,0,18,36,9,8,74,52,5,6,0,3,48,0,0
20,28,8,5,32,21,7,3,4,2,28,0,1,35,14,10,50,26,2,3,1,4,36,2,-1
19,35,16,4,40,59,0,7,4,3,51,4,4,37,16,0,76,29,1,5,0,0,39,0,1
5,25,10,0,76,33,0,0,4,2,25,2,1,25,5,5,65,49,6,1,2,2,47,3,1
10,23,10,5,26,21,1,3,1,1,38,0,2,39,14,12,69,30,5,0,4,3,29,0,0
8,21,8,0,22,40,4,3,3,1,53,1,18,35,11,10,69,28,7,6,0,4,37,2,1
15,35,12,6,25,16,5,4,3,2,28,1,16,36,15,4,62,36,2,7,1,3,42,0,-1
13,32,6,2,20,59,4,0,4,4,51,2,6,37,9,5,29,38,7,4,0,3,42,3,0
6,26,6,6,25,30,1,0,4,0,25,4,3,32,11,1,48,26,6,6,2,0,46,3,1
8,34,6,0,58,59,0,5,4,2,29,2,12,39,5,0,23,19,11,6,3,1,47,0,1
18,37,12,11,29,56,4,1,4,2,59,0,16,24,9,1,21,53,0,1,3,1,39,0,-1
12,29,9,8,68,51,1,0,1,2,33,0,11,22,9,1,36,57,0,4,4,3,26,4,0
11,24,8,2,56,40,6,2,4,2,20,0,17,28,10,0,75,48,8,5,2,4,24,0,-1
1,23,8,6,71,24,3,0,2,3,22,0,15,29,11,3,33,28,2,0,4,1,22,2,1
12,29,13,0,32,49,2,2,2,2,25,4,5,31,14,2,23,47,7,3,2,2,31,2,0
12,29,7,2,39,42,6,2,1,2,59,3,9,30,9,1,32,36,2,6,3,4,37,3,-1
14,33,13,10,59,37,2,1,3,2,46,0,5,27,10,3,42,43,2,1,0,2,30,4,-1
14,27,9,6,35,28,4,0,3,3,36,3,18,25,9,3,57,51,7,5,0,1,55,4,0
4,29,8,1,64,27,1,0,4,0,24,4,12,25,10,2,67,26,3,0,3,0,50,4,1
8,21,8,5,36,21,2,3,4,2,20,0,5,29,8,7,72,57,7,6,0,2,46,3,0
16,24,6,2,46,31,7,5,2,1,33,0,2,30,13,4,24,43,4,5,1,2,23,4,1
9,35,15,10,55,46,0,0,4,2,30,1,3,27,11,6,20,40,4,1,0,3,41,1,-1
10,38,13,5,40,38,7,2,1,1,33,4,7,29,11,7,61,54,7,6,1,3,46,1,-1
4,38,15,8,74,53,0,6,1,3,26,2,17,32,14,1,26,35,4,5,4,0,46,0,0
17,35,7,9,22,41,2,3,0,1,41,0,4,23,9,6,57,26,0,0,3,0,26,4,-1
13,21,9,6,24,21,1,0,4,0,40,3,3,35,14,3,53,19,1,3,2,0,30,0,-1
5,35,16,5,73,20,1,6,3,4,51,1,20,37,9,3,76,50,7,7,2,3,29,0,1
17,37,14,9,40,50,0,3,3,1,23,0,1,28,7,3,24,59,6,5,4,0,57,2,-1
16,38,5,8,37,59,9,2,3,1,28,4,7,35,7,5,42,31,6,3,4,3,39,4,-1
6,36,11,5,21,57,6,5,4,4,37,3,5,36,9,5,34,21,1,0,2,4,50,2,-1
16,36,5,10,39,24,1,0,3,1,32,3,18,34,11,10,73,40,1,4,0,0,53,1,0
20,22,7,0,70,25,0,0,2,4,38,3,13,26,11,3,63,32,3,4,1,1,31,2,1
1,37,6,1,24,43,0,3,1,4,40,1,3,34,8,7,68,45,4,5,2,3,45,0,0
4,20,7,1,20,25,1,0,3,1,37,0,8,29,7,4,35,20,2,0,2,4,32,1,0
4,32,14,1,59,20,1,0,4,1,40,1,8,30,13,3,58,38,5,1,4,0,24,1,1
20,27,5,7,72,42,6,2,2,0,53,0,7,24,10,5,57,40,0,3,4,2,32,4,1
3,33,10,0,78,18,7,2,4,1,34,1,19,30,11,9,22,19,2,5,4,1,38,1,1
17,29,6,6,25,16,4,6,2,0,48,4,8,24,11,0,27,26,5,1,4,1,58,1,1
2,28,8,2,60,38,5,0,1,4,46,0,6,38,7,5,64,33,10,5,4,3,21,3,0
7,37,11,0,23,28,3,2,1,1,37,2,20,20,6,0,54,28,2,4,1,4,45,2,1
8,23,7,2,20,54,6,0,4,3,30,2,4,33,10,0,65,24,7,4,1,0,36,1,-1
18,25,9,2,55,21,3,0,2,3,33,4,5,29,6,4,27,19,7,0,1,3,55,3,1
3,24,10,2,37,30,6,2,4,0,22,3,12,31,13,4,35,56,5,5,4,0,26,3,-1
18,21,7,1,63,17,3,3,2,1,20,0,4,35,13,8,72,23,10,6,0,3,34,1,1
11,25,9,3,58,49,7,1,0,2,53,0,8,38,11,1,59,28,6,4,3,2,55,0,-1
12,39,17,8,47,34,8,3,4,2,27,0,9,36,13,8,39,59,1,8,3,3,20,3,-1
5,23,5,5,28,44,3,1,0,3,44,1,3,22,6,4,23,57,0,3,1,2,56,3,-1
3,29,8,4,73,30,2,4,3,2,37,1,4,31,13,0,67,16,7,6,3,0,24,1,0
4,32,5,6,60,36,2,6,1,3,31,3,14,20,9,0,60,42,0,1,4,3,26,4,0
2,32,11,5,56,51,8,0,0,3,45,0,8,24,10,4,27,53,4,4,2,3,37,0,1
6,32,11,8,47,25,0,7,1,0,59,1,2,25,11,5,24,54,2,4,1,3,58,4,0
18,39,17,9,48,23,9,8,4,4,55,0,16,34,7,4,77,46,5,2,1,0,35,3,1
17,25,7,5,76,48,5,5,3,0,34,1,16,35,9,0,59,47,8,1,2,2,35,3,0
15,28,8,0,52,53,1,6,3,1,49,0,1,32,11,0,31,43,7,7,3,4,39,4,0
2,21,5,6,49,40,2,1,3,1,47,3,18,30,14,9,42,51,8,3,2,4,37,0,1
6,21,8,3,72,59,1,1,4,4,30,1,10,30,6,6,60,51,6,3,1,2,53,4,0
19,39,11,11,73,53,0,2,2,0,54,0,4,29,10,0,36,28,7,0,1,0,56,4,1
4,24,10,2,78,33,6,5,0,0,38,3,18,23,5,2,41,18,0,2,1,2,50,2,0
6,29,12,6,27,22,6,1,2,0,32,3,14,36,15,1,64,47,9,2,2,4,52,3,0
13,25,9,0,63,15,2,5,1,2,27,4,8,22,8,2,23,30,4,3,2,4,56,3,0
13,21,7,0,24,39,1,3,4,1,27,2,16,34,10,3,32,34,1,2,2,4,56,1,0
6,23,10,2,74,53,3,1,2,2,52,1,14,29,13,7,34,45,5,5,0,1,39,2,0
17,27,11,3,51,58,8,2,3,0,29,0,16,36,5,3,36,32,3,6,1,4,42,0,0
20,39,11,8,54,17,1,0,0,4,38,2,15,33,6,6,68,32,5,2,4,3,46,1,-1
16,30,12,1,33,52,8,3,1,0,55,0,7,23,8,3,76,44,3,1,4,4,32,4,0
18,23,9,1,58,29,4,3,3,4,35,3,20,35,7,0,28,49,3,4,1,3,38,2,1
17,34,5,1,27,36,8,1,2,0,28,4,20,25,10,6,70,29,1,1,2,1,58,1,-1
7,26,8,2,70,50,7,0,0,4,37,4,8,35,5,3,69,22,3,7,4,2,40,2,1
19,38,15,2,59,56,4,3,0,2,35,4,18,39,11,0,57,22,6,1,4,4,57,4,-1
20,37,11,9,22,51,7,7,4,4,21,0,1,36,15,1,64,15,11,3,3,4,56,2,1
3,32,7,1,75,15,8,2,3,1,48,3,6,30,8,2,25,39,8,3,1,4,46,4,-1
2,20,9,3,61,48,3,0,1,2,36,3,18,32,11,0,64,15,5,3,2,3,56,0,0
12,38,9,9,24,55,10,3,0,1,40,0,10,35,14,9,34,31,9,3,0,4,52,0,-1
6,33,10,6,30,45,5,2,4,3,21,4,20,22,8,0,47,42,5,2,2,1,21,4,0
9,38,16,9,63,26,1,8,0,4,59,2,18,21,8,4,52,37,4,4,0,0,57,1,1
1,39,9,1,49,27,7,1,2,3,44,1,15,33,10,3,42,44,5,1,0,0,55,0,0
16,27,10,1,67,18,0,3,2,0,44,2,14,24,10,5,45,54,5,5,3,2,58,2,-1
1,25,6,0,47,28,3,5,3,4,47,0,14,25,5,6,34,58,2,2,2,1,48,3,0
19,21,5,2,29,36,0,2,4,2,40,4,12,31,11,4,58,23,4,1,4,3,53,1,1
9,20,8,0,75,48,2,1,3,2,37,0,8,34,11,3,32,59,0,3,3,3,55,4,0
15,25,7,6,57,49,3,1,4,0,57,4,4,39,15,10,58,18,4,3,3,2,35,0,0
11,33,12,7,78,53,9,2,3,4,35,1,2,25,7,7,25,48,7,5,2,2,44,0,1
18,38,17,6,44,24,9,1,4,4,57,0,12,32,13,4,33,51,8,7,2,0,51,2,0
14,34,12,8,38,40,0,5,3,2,46,3,18,38,5,2,26,43,6,4,0,2,27,1,0
13,29,7,3,68,34,4,2,2,1,53,4,18,27,11,0,23,55,6,3,0,4,35,0,0
17,28,11,0,20,19,7,0,3,3,45,3,13,27,11,5,46,52,3,2,4,1,54,2,0
12,25,11,1,71,43,7,5,3,4,36,0,6,38,6,8,74,51,11,5,3,2,39,0,-1
3,38,17,6,65,33,6,6,3,3,46,1,9,20,8,1,39,54,2,1,4,0,28,3,-1
15,35,6,9,33,52,1,7,3,4,47,3,13,35,10,3,50,47,6,7,0,1,36,3,-1
5,31,5,4,57,49,6,5,3,2,56,2,10,28,10,5,47,44,3,3,1,1,55,4,0
18,20,9,1,34,46,1,2,4,4,38,2,9,28,9,4,62,42,3,0,3,3,37,0,1
4,26,6,7,43,30,3,1,0,3,37,4,14,35,9,1,71,42,8,0,2,0,55,2,-1
18,27,5,5,37,36,8,3,2,0,24,2,1,21,7,1,66,21,3,4,3,3,34,1,0
14,36,9,1,67,27,10,8,1,0,41,0,10,36,8,6,62,54,6,2,3,3,58,0,-1
13,27,10,0,36,36,1,5,0,4,37,3,7,29,6,1,46,28,6,4,4,3,51,3,1
14,23,6,2,20,31,6,4,2,1,54,0,4,35,12,1,66,53,10,0,1,1,44,1,0
14,23,6,5,77,15,1,4,3,1,29,2,4,21,9,3,46,54,0,0,3,0,35,4,0
11,38,17,7,30,31,4,3,0,1,51,4,18,27,7,5,63,53,8,4,0,1,29,1,-1
16,36,14,4,65,33,4,4,0,4,59,4,1,36,7,11,26,31,0,4,0,1,21,2,-1
16,24,11,3,54,44,7,5,4,3,32,3,5,29,6,2,28,25,8,5,1,1,28,3,1
10,24,7,0,72,56,0,1,3,4,41,1,9,25,7,1,66,53,6,1,3,2,35,2,0
20,30,14,8,54,49,5,4,2,2,50,4,5,27,12,3,61,48,3,1,2,3,39,1,-1
16,23,5,2,64,55,5,4,2,4,34,2,6,24,9,1,65,30,5,0,4,3,27,1,-1
17,24,10,5,39,30,6,1,1,1,33,1,19,28,9,7,24,43,4,0,3,2,41,1,-1
12,29,13,1,70,32,7,1,1,1,35,0,17,26,8,1,29,19,4,2,2,4,54,3,-1
19,22,8,5,35,34,2,3,2,2,23,0,18,21,9,5,77,59,5,1,2,3,52,0,-1
10,38,11,8,38,38,8,6,3,3,23,3,18,24,5,3,42,54,4,4,4,2,30,4,0
8,38,16,11,37,24,6,1,3,1,49,1,18,31,8,0,69,49,6,1,0,2,55,4,1
3,27,7,6,21,35,5,3,1,3,51,4,8,29,9,8,30,37,1,2,0,1,22,2,0
3,30,13,3,47,39,2,3,0,2,24,1,15,29,6,3,21,32,2,4,3,1,30,1,0
6,36,10,10,38,31,7,3,1,1,55,3,10,33,14,3,25,23,4,7,3,4,49,3,1
5,24,7,2,27,23,6,3,0,0,26,2,6,34,9,2,58,20,10,2,0,3,36,1,1
11,29,11,2,22,32,8,2,3,1,48,1,15,34,11,9,40,43,9,4,1,3,22,4,-1
2,20,5,0,25,21,2,3,0,2,45,3,4,31,10,5,49,58,3,3,2,2,53,0,-1
12,20,5,1,64,43,0,4,1,1,29,3,5,20,9,1,43,31,0,3,4,4,34,1,0
6,36,9,3,63,33,1,1,3,1,55,2,2,28,11,2,32,29,7,0,4,3,59,2,0
19,36,17,6,60,26,2,2,3,4,23,3,8,25,11,0,50,20,2,4,2,2,22,3,0
18,35,15,9,52,50,2,4,3,0,32,3,1,35,9,7,55,35,2,4,3,2,40,2,0
6,20,8,1,33,20,0,1,2,2,25,3,9,21,6,6,45,46,1,1,3,0,49,4,1
17,28,7,5,50,21,8,4,3,2,38,4,2,30,6,3,68,50,6,6,3,2,51,1,0
14,38,14,0,43,26,9,3,4,2,35,4,17,28,7,8,55,53,5,1,2,1,41,0,0
12,23,9,0,47,20,6,3,4,2,24,1,16,34,6,3,47,27,4,5,0,1,24,2,-1
16,39,6,1,74,37,12,0,0,4,59,2,12,36,17,1,77,40,6,5,3,1,27,2,0
15,36,5,6,48,59,2,2,4,2,41,1,10,22,10,2,24,23,3,2,3,2,32,4,0
11,25,10,0,30,55,4,0,4,0,44,2,14,27,9,2,27,33,6,5,3,3,46,4,0
5,26,11,4,77,30,3,2,4,4,54,3,16,22,10,1,65,34,5,4,1,1,58,3,0
18,39,10,2,41,35,1,7,4,2,37,4,15,28,13,0,26,55,5,0,1,3,33,3,0
8,38,18,3,44,56,0,7,3,4,42,4,18,35,12,9,46,54,8,1,2,0,34,4,1
17,21,5,1,50,51,0,0,1,1,22,0,8,33,10,2,20,43,3,4,0,0,47,1,0
8,37,15,10,35,24,7,5,3,2,39,2,2,20,7,2,31,44,0,4,4,4,20,1,-1
4,38,15,7,79,37,10,6,1,1,37,3,15,34,15,5,22,29,2,6,0,0,45,1,0
10,31,8,0,33,49,3,1,3,1,21,2,5,36,14,1,41,33,9,4,0,4,55,0,0
2,31,14,5,42,37,9,2,3,4,59,0,19,26,12,7,37,55,5,2,3,4,24,0,1
9,29,8,5,43,28,8,0,0,4,43,2,20,26,5,2,54,26,4,2,4,1,52,2,0
2,20,9,3,78,18,4,4,3,3,39,0,8,32,6,0,44,15,5,7,1,3,56,2,0
19,21,7,0,43,38,2,4,0,2,34,4,5,37,17,9,51,37,6,8,4,3,59,3,0
12,32,5,3,58,42,8,7,0,3,50,0,2,32,11,9,35,20,9,3,2,3,34,3,-1
10,32,5,6,47,52,0,6,3,3,34,4,20,30,12,3,54,48,3,2,1,4,39,4,0
18,30,14,8,31,44,2,0,1,4,20,0,16,30,8,3,66,36,9,5,0,1,58,2,1
2,38,17,3,65,17,6,6,3,4,56,0,6,23,9,6,53,15,1,1,2,0,36,3,0
20,27,9,1,51,56,3,3,1,3,43,1,6,23,6,1,66,26,0,3,1,0,35,4,1
4,36,11,7,74,53,8,3,0,4,39,4,6,28,7,5,25,18,2,0,3,4,50,0,1
7,22,6,0,48,28,2,3,1,1,26,4,3,22,6,6,71,28,6,4,3,2,43,4,-1
13,34,5,4,71,18,10,1,1,0,49,4,8,35,12,8,62,48,10,4,3,2,28,4,1
3,29,9,8,51,49,5,6,1,0,44,3,6,26,10,4,29,37,1,0,3,3,35,1,0
16,25,5,5,31,52,3,4,1,0,20,2,11,33,12,9,66,53,6,1,3,0,29,2,0
13,35,6,3,72,43,0,1,2,4,34,3,15,31,9,9,60,59,9,5,2,3,36,2,1
14,32,13,0,76,31,1,1,2,0,22,1,17,27,5,1,53,40,8,5,3,4,48,2,-1
6,28,11,8,56,30,4,3,1,3,28,4,12,38,8,6,62,41,4,2,0,1,42,1,-1
4,20,6,1,55,49,0,3,1,2,32,0,18,21,6,4,48,51,3,3,1,1,47,2,0
20,29,5,5,30,48,6,3,4,4,40,1,18,38,8,1,71,43,8,7,4,2,38,0,-1
6,39,5,7,36,35,5,1,0,3,51,3,19,20,5,0,20,30,1,1,0,3,42,2,-1
11,27,11,8,35,49,0,1,3,2,34,3,19,36,15,4,35,29,9,1,2,1,24,3,-1
12,28,5,3,47,58,8,4,3,0,39,3,13,35,16,8,64,31,3,5,2,2,22,0,1
11,21,6,4,23,31,0,3,4,3,57,4,10,38,15,7,55,49,3,5,2,3,27,1,-1
8,35,8,3,57,41,3,7,4,4,56,1,20,27,11,6,41,53,6,1,1,1,37,1,1
7,20,6,4,44,54,1,0,0,2,39,2,5,25,10,0,27,45,7,4,1,3,34,1,-1
8,30,10,7,44,15,8,1,4,0,51,2,14,23,9,1,40,44,1,3,2,0,56,1,-1
12,20,5,1,36,55,3,3,4,3,26,2,1,28,11,0,52,34,3,0,1,1,46,4,1
3,36,9,11,32,17,3,3,2,3,26,1,9,30,12,9,56,27,9,6,2,2,38,3,0
15,33,9,10,79,51,9,1,3,2,46,4,5,35,16,6,53,52,6,4,0,3,49,4,0
17,34,12,6,43,32,2,0,0,4,46,4,14,23,6,1,64,45,1,1,3,2,52,4,-1
20,28,12,7,72,36,1,4,2,2,53,2,7,23,10,4,29,43,6,1,3,2,24,4,1
1,31,12,0,72,24,0,0,1,1,50,0,4,23,7,2,36,58,1,0,4,3,48,4,-1
8,27,10,4,47,37,5,2,4,0,26,3,20,23,9,2,34,48,4,1,0,3,39,2,-1
1,22,5,0,66,56,1,3,4,2,32,2,15,20,6,1,67,23,0,2,0,2,21,1,1
12,25,7,5,79,16,7,2,2,1,50,0,11,20,8,4,46,52,2,3,3,2,49,1,1
2,30,7,3,36,17,8,1,4,1,22,1,7,39,13,6,65,25,11,0,3,1,46,1,0
5,21,7,0,70,32,2,3,2,1,57,0,3,25,6,4,41,53,2,0,2,3,43,1,-1
13,29,5,6,36,38,1,2,4,3,38,0,8,29,9,8,57,20,2,4,1,2,37,4,1
5,29,5,3,45,45,4,1,3,1,20,1,11,38,16,1,55,15,2,4,1,0,51,3,0
15,26,10,6,41,59,1,2,1,2,30,4,4,20,7,1,54,57,4,2,4,1,41,3,-1
10,27,5,5,62,42,0,1,2,0,24,1,2,29,6,4,40,15,2,4,0,1,27,0,-1
6,27,9,6,26,53,5,2,0,3,34,1,17,26,11,1,41,24,5,1,0,2,33,3,0
4,35,10,4,71,39,5,5,1,0,45,2,13,32,7,9,74,15,7,6,3,4,41,2,-1
5,22,7,0,48,37,0,3,0,4,26,0,17,25,5,5,68,27,3,3,4,4,45,2,-1
13,27,5,6,42,59,8,1,2,3,50,1,5,22,7,2,75,23,1,4,1,1,45,0,0
6,25,6,0,75,17,0,3,0,0,44,0,15,31,13,2,55,39,3,5,4,0,21,3,0
7,35,13,8,23,43,7,5,0,0,59,0,4,22,5,0,58,35,4,0,3,3,44,3,-1
15,22,8,3,48,26,0,0,1,1,21,0,10,27,10,5,45,40,8,4,3,2,25,0,1
9,35,7,1,34,49,3,3,3,3,23,1,11,25,5,5,73,49,0,2,1,1,51,1,0
3,36,15,1,70,33,11,7,4,2,49,2,15,25,11,3,53,41,3,0,3,4,27,1,1
14,35,9,2,42,24,4,6,1,0,27,4,5,21,8,5,38,37,1,4,4,0,37,3,-1
7,20,6,2,50,27,0,4,2,0,52,2,19,37,12,0,51,42,4,8,3,0,30,0,1
10,26,11,3,21,33,5,1,0,1,49,2,2,28,8,3,28,22,1,0,0,0,59,2,-1
5,23,5,0,50,40,5,3,2,0,40,1,3,29,13,5,21,38,7,0,3,0,20,3,-1
19,36,13,9,31,55,6,7,0,4,33,1,11,35,5,2,74,15,10,1,1,3,34,3,1
19,24,7,2,58,19,3,3,2,3,55,3,10,37,5,2,67,57,1,0,0,1,48,4,-1
6,29,9,0,42,25,7,6,1,4,39,4,1,29,13,3,67,29,7,1,4,1,31,1,1
13,35,13,9,47,15,4,6,1,3,21,3,17,34,10,5,63,46,10,3,3,0,34,1,0
3,24,7,7,50,36,2,5,1,0,38,3,15,31,8,6,44,44,1,0,2,3,20,0,1
15,34,6,6,41,32,1,3,3,2,49,1,8,22,6,0,24,16,2,3,1,1,39,1,-1
20,34,16,10,62,53,4,6,1,2,57,4,14,38,14,7,70,44,4,8,2,4,58,2,0
16,23,5,5,66,28,2,2,4,3,50,4,18,37,16,6,49,35,6,8,3,4,29,2,0
13,32,9,7,64,29,3,3,4,2,24,3,4,25,10,1,56,27,4,4,0,4,43,3,1
8,38,17,3,34,40,5,4,0,4,30,2,9,38,6,5,42,15,2,2,3,3,49,1,0
5,34,10,8,78,22,7,2,4,0,30,4,17,32,15,7,38,40,4,2,4,0,47,3,0
3,24,10,7,22,38,4,2,4,2,50,4,19,37,14,1,76,21,5,6,3,0,22,3,0
9,38,5,0,52,34,5,3,2,2,22,0,8,29,5,7,73,15,3,4,0,3,45,0,1
4,23,10,6,28,36,0,4,0,4,57,2,10,27,6,3,55,57,4,5,1,0,48,4,-1
9,29,6,3,27,46,0,4,4,1,37,4,10,27,6,8,74,47,3,1,2,3,44,4,1
10,39,6,2,22,53,7,5,3,4,48,1,15,36,9,1,57,51,3,1,3,2,25,4,-1
14,35,11,5,66,31,3,5,2,2,34,3,3,31,7,5,47,56,5,3,0,0,53,3,-1
15,39,12,9,47,33,8,7,0,1,37,2,13,30,6,2,59,41,5,6,1,4,36,2,1
17,34,14,8,60,19,3,3,0,0,50,2,12,22,6,1,36,24,1,2,2,1,38,1,1
2,22,9,2,46,38,6,4,0,1,36,1,15,27,12,6,25,18,0,0,0,3,54,4,-1
4,39,18,9,48,22,1,7,0,4,55,2,17,24,9,4,72,46,3,3,2,3,20,0,1
2,26,5,2,22,43,5,5,2,4,24,4,11,34,9,3,42,18,4,4,0,0,33,2,1
18,25,9,0,25,19,6,0,4,2,20,4,2,30,11,3,22,39,0,0,4,4,42,2,-1
6,32,6,6,50,50,0,4,4,2,55,4,8,33,8,0,25,24,5,7,0,3,34,3,0
18,25,8,6,77,37,3,4,2,4,50,3,20,39,7,11,22,28,1,2,4,3,29,0,1
19,23,7,0,72,15,6,4,1,3,49,0,9,34,11,0,22,57,5,6,2,2,36,1,0
19,39,12,4,48,57,4,2,2,2,28,0,8,20,5,1,47,58,2,4,0,3,31,0,1
2,35,8,7,53,39,8,1,0,1,29,0,18,21,7,0,62,24,1,3,3,2,20,3,1
15,29,9,4,34,37,7,0,3,4,44,1,20,27,10,3,44,26,8,1,1,0,45,2,1
19,25,10,6,48,59,5,4,4,1,42,3,11,39,18,2,43,34,10,3,0,0,50,3,0
5,29,12,5,47,26,8,0,3,3,53,3,12,32,12,3,25,52,4,3,3,0,26,1,1
17,39,10,8,34,54,4,1,3,1,42,2,10,33,11,0,20,55,5,4,3,4,51,0,-1
4,36,6,2,39,37,5,7,0,3,21,0,3,34,8,2,29,28,10,5,2,0,20,1,1
10,23,9,1,51,23,6,1,2,3,39,1,4,35,7,10,44,56,7,0,4,2,23,4,-1
9,38,11,5,39,51,9,1,2,3,37,2,14,31,6,9,53,37,0,6,1,4,20,0,-1
7,22,9,3,37,47,3,2,3,0,49,4,17,31,5,8,37,52,9,5,4,1,59,2,1
19,31,11,3,40,55,5,1,4,3,43,0,12,37,10,10,50,42,7,4,0,0,43,1,0
4,21,6,1,22,44,3,3,1,2,45,3,15,34,15,2,69,43,5,5,0,3,33,3,-1
3,21,5,4,59,38,4,2,4,3,21,3,13,34,5,9,20,52,2,2,4,4,20,4,0
3,20,6,4,55,23,5,3,1,2,26,1,14,22,6,6,28,31,5,3,1,1,43,3,1
8,21,9,6,52,18,5,4,2,2,27,4,2,20,7,3,53,37,0,2,3,3,56,0,1
6,37,15,9,25,20,3,3,0,2,45,1,10,21,8,1,32,32,5,2,4,2,43,0,0
5,38,11,4,63,28,5,5,0,0,59,1,3,32,9,5,41,17,5,5,2,2,28,3,-1
6,35,8,1,36,17,2,4,0,4,57,0,1,26,6,6,58,33,3,5,2,4,39,1,1
9,31,14,5,69,48,3,0,2,1,34,0,16,35,16,4,27,24,9,1,1,0,47,2,-1
4,29,6,6,39,20,4,1,1,1,49,0,3,29,6,7,43,31,3,1,3,0,28,4,1
14,21,9,2,58,30,0,2,3,2,37,3,17,34,16,6,57,45,3,0,2,2,27,1,-1
4,22,7,2,62,43,1,3,3,1,43,0,6,34,12,9,22,37,10,1,1,3,32,4,0
13,24,8,5,64,28,7,4,2,0,41,1,20,37,7,7,22,40,9,8,4,0,35,1,-1
10,36,17,5,65,18,3,1,4,2,55,4,6,35,9,3,20,40,7,2,1,0,37,0,0
9,23,6,2,57,17,2,0,2,1,59,4,11,26,7,7,61,31,0,4,4,1,32,4,-1
10,24,6,2,28,52,7,0,0,3,59,2,6,32,7,1,51,30,3,1,1,4,46,2,-1
20,34,13,3,24,21,1,7,2,1,46,1,17,24,9,3,69,16,3,3,4,4,57,1,-1
4,28,6,0,27,29,8,0,1,4,46,4,2,36,6,1,61,24,5,0,2,4,46,4,0
2,25,5,3,64,26,2,0,1,0,59,0,7,29,8,3,74,15,8,1,0,3,52,3,-1
14,24,5,0,72,20,4,1,0,4,24,1,4,28,7,4,66,27,4,1,2,3,46,1,-1
10,31,6,9,34,24,5,0,4,4,40,0,13,32,15,7,69,36,8,4,2,1,24,2,-1
6,26,9,1,33,29,1,1,4,3,51,3,8,26,7,7,32,29,1,5,2,3,52,2,1
5,34,9,7,36,32,1,3,3,0,53,3,3,33,15,8,58,24,7,0,4,4,44,3,0
6,22,10,6,67,33,1,2,0,3,49,2,2,38,13,6,65,51,1,8,4,0,23,0,-1
12,37,12,4,34,17,1,7,0,2,23,1,6,33,6,1,46,53,5,1,3,2,46,4,-1
2,38,13,9,47,18,2,5,1,4,28,3,8,38,14,3,38,33,11,8,3,0,47,1,-1
7,36,6,10,66,35,5,6,1,1,25,1,5,35,6,2,20,44,9,2,3,4,42,0,1
14,21,9,0,47,32,0,0,2,4,51,3,3,32,7,7,29,34,8,4,4,1,30,0,0
7,25,7,3,77,30,2,2,2,2,35,3,20,31,12,2,21,52,3,4,1,3,37,1,0
1,21,5,0,67,25,2,3,2,3,49,0,20,28,8,5,25,25,2,3,4,2,29,2,-1
6,27,12,8,57,31,2,0,4,4,22,1,1,22,5,2,35,59,2,2,1,4,31,3,-1
12,39,12,0,40,53,8,0,2,1,55,1,1,26,11,7,45,38,7,3,0,2,40,3,-1
16,30,14,4,30,43,5,6,2,3,53,3,10,21,8,2,53,28,3,4,1,0,28,3,-1
16,26,5,5,64,18,5,1,1,1,53,1,11,28,9,7,72,28,6,6,0,2,33,0,0
12,32,13,2,45,16,0,7,1,2,58,1,14,32,9,1,42,38,7,1,0,0,47,0,0
15,33,14,1,78,45,5,5,0,4,50,4,14,34,8,10,24,42,0,2,2,1,34,0,1
8,33,8,8,20,52,7,2,2,3,37,2,16,37,14,0,51,59,5,3,3,4,51,4,0
14,22,5,5,61,59,5,3,2,1,53,4,19,24,9,0,26,46,6,1,3,3,32,3,1
18,35,6,2,57,15,10,1,1,1,20,2,2,35,14,6,34,47,6,4,0,1,36,0,0
6,27,12,4,31,21,0,3,1,1,22,3,5,20,7,2,69,27,0,3,2,0,53,2,1
6,37,6,6,52,37,8,4,2,0,40,2,10,36,14,11,44,34,8,1,3,4,33,1,0
2,24,5,7,73,29,3,5,0,1,50,4,3,35,15,5,61,22,2,1,2,0,35,1,0
19,37,8,8,55,43,11,4,1,3,54,3,13,23,10,6,52,37,3,0,0,0,20,1,1
16,22,8,3,54,29,0,1,2,4,59,4,19,35,7,8,66,21,4,6,2,1,40,2,-1
1,20,7,1,55,41,2,2,4,4,29,2,20,27,9,4,77,26,5,4,0,2,20,2,0
11,22,8,2,63,20,3,4,1,3,36,0,8,29,8,0,46,39,3,1,0,2,42,2,0
18,28,6,4,43,43,7,2,1,0,38,1,15,38,5,10,73,59,6,3,0,2,24,3,-1
16,21,5,6,69,24,5,4,4,3,47,1,11,35,13,6,21,52,8,6,1,2,59,2,-1
4,37,17,10,56,41,1,0,4,4,37,4,16,26,12,1,26,30,2,2,2,3,52,4,1
8,28,7,4,60,35,8,1,2,0,39,0,1,27,8,0,29,18,2,5,2,4,24,1,1
2,37,13,2,45,56,5,0,4,2,33,1,4,38,12,4,67,22,1,6,0,2,26,0,-1
13,25,7,6,55,17,7,3,4,1,45,0,3,29,12,5,77,17,1,6,1,0,33,4,-1
12,37,9,9,20,52,8,8,2,1,49,1,3,33,10,4,24,33,2,5,3,1,42,0,0
3,29,7,4,76,33,8,0,0,3,24,2,1,33,14,1,56,47,8,1,4,1,44,2,-1
3,23,9,5,39,37,4,0,4,4,52,0,15,26,11,5,24,29,4,5,0,0,26,1,0
19,26,12,4,78,38,2,0,0,4,21,4,20,37,5,3,71,23,2,3,2,1,39,0,1
19,31,10,3,64,31,0,4,3,0,58,3,10,33,7,10,31,27,7,0,0,3,21,4,0
4,35,14,2,23,20,6,4,1,2,29,2,12,38,18,4,79,57,11,4,3,0,41,2,-1
10,25,6,0,62,45,7,2,4,3,42,3,11,27,11,8,36,29,4,4,3,0,41,0,0
14,27,6,5,35,44,5,5,3,2,25,3,17,37,10,9,56,41,8,5,2,2,34,1,-1
19,23,6,6,28,33,6,2,1,1,38,0,9,39,12,4,53,31,1,0,1,2,20,2,-1
10,35,12,4,75,26,3,6,2,0,45,4,5,26,5,6,71,18,2,5,0,1,49,3,1
7,32,8,0,51,53,0,1,1,3,54,2,4,22,8,0,55,28,0,4,4,0,31,1,0
12,23,7,5,70,27,0,1,2,3,57,0,18,31,7,5,65,17,2,3,0,2,36,4,1
17,33,15,6,76,33,2,1,1,0,41,2,3,28,9,1,73,23,2,1,3,1,59,4,1
7,34,16,5,79,23,2,7,3,1,32,2,4,26,6,0,63,49,6,1,0,4,31,2,1
8,39,10,11,29,16,7,8,2,1,55,0,12,35,7,6,78,57,6,2,4,2,36,1,-1
13,26,5,0,71,28,2,2,1,0,36,3,12,39,7,6,20,55,12,7,1,1,43,2,0
15,32,11,8,63,49,6,5,1,0,33,2,17,35,14,0,24,17,0,1,1,4,46,2,0
18,21,9,4,35,22,2,1,0,3,28,4,16,28,6,7,42,25,3,2,3,3,45,1,-1
20,21,9,3,26,44,5,0,4,1,46,1,14,31,11,8,20,29,2,5,0,3,57,1,1
14,39,11,10,38,47,3,7,1,3,53,3,16,34,8,1,26,36,10,2,0,2,24,1,-1
19,30,5,3,61,46,2,6,3,4,51,4,9,30,12,4,58,52,9,4,1,2,30,2,-1
9,36,7,6,59,21,4,7,0,2,28,0,6,28,7,5,59,34,6,3,3,0,54,3,-1
20,26,8,4,31,31,0,5,0,1,25,3,16,30,9,1,59,39,6,3,3,0,48,4,-1
19,28,9,5,70,24,6,0,0,4,45,4,16,31,7,5,31,38,7,1,3,2,33,0,0
11,38,15,1,62,39,3,1,2,4,55,1,16,24,7,7,45,54,7,2,0,4,20,2,1
15,39,6,4,28,34,1,5,1,0,26,4,12,37,15,4,24,43,4,5,0,2,54,1,0
3,32,6,1,34,51,4,7,0,1,51,1,2,34,8,6,54,51,10,0,4,0,52,0,0
5,33,10,7,53,33,10,0,4,4,44,1,8,38,18,3,67,30,6,1,4,0,22,0,-1
8,26,11,7,38,31,2,0,0,2,57,0,1,37,8,1,23,42,0,2,4,3,40,4,1
12,32,10,3,22,27,5,2,2,4,40,0,9,35,5,10,32,15,1,0,4,4,49,0,-1
5,26,10,5,67,20,1,2,4,3,25,2,15,23,5,1,64,23,6,3,1,1,42,0,-1
10,28,12,1,37,26,2,6,0,0,25,0,15,33,8,5,66,42,5,6,0,4,46,1,0
13,30,11,1,72,36,3,0,2,1,48,1,14,23,7,4,59,24,6,3,2,2,34,3,0
1,22,5,3,76,30,0,0,2,1,30,1,8,31,8,3,64,41,9,3,4,4,48,2,-1
13,38,17,1,52,22,8,8,2,4,51,3,12,34,11,7,32,35,5,3,4,1,47,0,-1
2,35,10,9,73,22,4,4,1,4,35,4,19,35,13,5,74,58,7,4,4,2,39,3,1
12,20,7,3,39,59,5,1,1,2,52,3,9,25,7,6,21,32,1,3,3,3,20,1,0
16,34,6,3,55,15,6,6,1,2,20,2,13,29,11,6,62,36,3,2,1,2,38,3,1
15,27,10,3,26,21,1,5,1,3,29,0,5,25,10,4,20,15,0,5,3,0,30,1,1
6,32,15,7,48,24,1,7,4,0,51,2,11,21,9,6,48,48,0,4,4,3,44,1,1
2,37,9,1,51,43,8,1,0,4,27,1,3,25,10,1,68,55,4,4,1,1,23,3,1
8,38,12,7,70,23,7,0,3,2,34,3,15,25,10,4,35,40,0,4,4,0,46,3,0
5,26,7,4,33,45,4,1,3,4,33,0,19,29,11,8,65,42,1,6,0,2,23,4,0
3,24,5,0,43,22,2,1,0,3,41,4,19,29,5,4,76,23,3,6,2,3,40,2,-1
7,24,10,2,20,42,1,4,0,1,26,4,16,32,10,7,71,28,2,6,1,3,59,4,1
12,35,6,2,47,18,8,3,3,4,55,3,8,28,9,0,68,48,1,4,3,4,39,2,1
3,35,7,7,34,31,3,6,4,1,52,4,2,32,9,2,78,57,8,2,1,4,27,2,0
5,24,10,6,60,42,6,0,2,4,48,1,17,37,7,11,35,21,2,6,3,0,40,1,-1
7,27,7,3,39,24,7,0,0,0,23,3,1,28,12,6,51,26,2,3,0,4,52,2,0
16,29,6,1,32,43,7,5,3,3,48,3,12,20,7,1,53,47,3,4,3,3,45,1,-1
2,34,5,4,36,34,8,4,3,4,26,3,20,33,14,5,49,44,10,5,4,0,33,1,0
13,37,10,3,40,33,11,3,2,0,35,3,3,20,5,4,24,53,4,3,3,0,23,4,1
6,38,10,11,33,26,7,7,2,3,59,0,15,24,9,5,42,17,4,0,2,1,40,3,-1
7,36,17,7,45,42,1,4,4,0,42,4,15,30,8,0,66,26,8,2,4,0,44,0,1
8,20,5,5,72,41,5,2,1,3,29,1,11,32,8,3,62,37,2,2,2,0,20,4,-1
1,38,8,2,25,29,3,7,0,2,30,0,19,20,5,5,66,43,0,1,1,1,25,3,-1
15,23,6,2,24,23,4,4,2,2,46,3,10,29,11,0,78,52,7,0,0,0,38,1,1
11,36,14,2,41,49,4,8,1,0,26,3,3,30,11,5,74,50,2,3,4,2,54,3,0
4,35,7,6,21,15,9,0,2,4,40,3,11,37,12,9,51,59,0,8,0,0,52,3,1
12,33,11,9,33,53,3,1,1,0,56,0,16,27,12,3,67,44,3,5,1,3,55,2,0
15,37,12,6,54,20,5,4,4,2,51,3,8,24,11,7,41,41,6,4,0,2,45,4,0
3,23,5,5,30,52,5,1,0,2,53,4,2,24,6,1,72,23,5,4,4,1,57,2,0
14,39,6,9,54,53,6,0,0,1,27,2,17,29,11,5,40,46,1,1,4,3,36,0,1
8,24,8,5,37,40,6,4,0,1,45,2,17,31,13,0,36,47,6,4,4,4,50,4,0
13,22,9,2,32,18,2,1,0,2,50,3,18,23,6,6,77,30,2,4,3,0,47,2,1
12,36,6,6,37,53,0,2,4,3,49,2,9,34,13,8,22,44,7,7,4,3,42,3,0
7,23,9,0,28,35,2,2,0,0,31,4,11,30,8,0,45,28,7,1,3,1,45,3,-1
12,34,13,6,45,38,3,7,4,2,54,2,9,39,7,7,39,22,9,2,1,4,25,4,-1
13,21,7,0,34,29,5,4,3,0,45,0,19,30,8,2,57,37,0,4,4,1,53,2,1
18,22,8,6,24,34,3,4,1,0,44,2,9,38,10,9,39,49,5,5,1,0,43,0,0
4,29,9,1,50,43,0,1,4,0,40,0,9,28,12,0,40,36,5,3,0,2,29,3,-1
20,24,9,6,66,41,0,3,0,0,20,4,14,28,8,4,55,43,1,1,1,1,35,4,-1
16,34,15,9,36,18,0,3,2,0,52,2,3,26,5,3,29,50,6,2,1,0,25,3,1
6,28,6,1,44,31,4,0,0,1,57,0,12,22,5,6,48,58,6,1,2,3,33,4,1
7,29,7,2,21,15,5,5,4,1,43,0,8,31,11,6,29,29,6,3,0,0,27,2,0
17,34,10,4,65,55,7,4,2,1,59,4,2,34,13,0,29,33,4,1,2,3,23,2,-1
1,28,10,0,46,26,5,4,4,0,36,4,16,27,6,1,66,27,8,4,2,2,22,0,0
11,29,11,6,79,47,6,6,1,2,57,2,14,26,11,0,29,35,6,5,2,2,34,3,0
10,35,6,5,38,44,6,3,3,1,31,3,18,23,8,1,67,28,0,0,2,4,28,4,-1
8,35,15,2,75,30,8,5,3,3,57,3,17,32,13,1,73,43,2,1,3,1,46,1,-1
1,26,11,1,28,22,0,1,4,3,39,3,6,27,5,7,74,58,6,0,4,1,50,1,-1
17,24,8,4,29,52,3,1,0,1,25,3,16,32,13,1,59,16,7,1,0,3,27,2,1
9,28,13,3,63,59,7,6,4,4,50,0,13,34,13,5,38,17,9,0,4,1,31,0,1
11,34,13,10,68,52,7,1,0,3,28,0,9,27,7,4,37,49,0,3,4,3,34,2,0
6,26,8,7,28,34,4,2,1,3,24,1,15,33,12,3,47,37,2,0,4,0,28,1,0
6,20,7,0,29,15,3,3,2,4,36,3,13,26,8,4,24,20,1,4,0,3,29,3,1
14,34,12,4,22,49,1,7,0,3,27,2,6,28,6,8,25,47,4,1,0,4,42,3,-1
2,36,14,6,63,16,2,8,4,0,21,2,4,35,15,8,20,16,10,1,1,2,29,2,0
16,35,6,7,27,45,8,2,3,4,57,0,13,25,6,0,63,49,2,4,1,1,47,3,0
18,22,9,3,32,25,1,4,2,3,57,4,3,23,5,5,56,33,4,4,3,3,55,3,0
19,20,8,3,60,32,4,0,2,0,37,2,10,31,13,2,20,19,0,6,2,1,28,4,1
4,20,9,0,22,36,1,0,3,3,50,1,12,36,14,6,78,56,2,3,2,0,36,0,-1
5,30,12,8,65,16,9,4,2,2,50,2,7,25,10,7,58,27,2,2,0,2,57,0,-1
3,31,12,5,61,25,7,1,2,0,40,2,2,38,6,7,52,32,2,7,0,2,41,2,1
8,39,13,4,47,18,7,7,3,4,36,1,5,39,14,1,62,24,2,8,0,2,26,3,-1
3,33,12,3,45,24,1,5,2,1,34,4,15,32,6,1,64,45,9,5,3,4,46,4,-1
20,34,12,0,76,30,3,2,0,2,38,0,3,22,8,0,79,50,2,2,0,1,43,0,0
6,33,15,4,24,34,5,6,1,1,52,0,7,28,7,3,67,21,5,5,4,1,35,1,0
7,28,11,7,35,40,2,0,1,0,51,4,15,22,7,1,50,51,3,4,0,1,41,2,0
12,31,9,1,64,30,3,3,0,0,41,1,16,35,5,10,61,33,8,1,3,4,55,3,-1
7,32,8,3,29,15,4,7,4,2,50,2,6,36,17,6,32,41,2,3,4,4,43,4,1
9,30,14,0,68,27,0,1,1,0,50,3,3,21,7,1,56,23,4,3,2,0,29,2,0
12,27,12,0,39,18,5,3,3,1,58,4,14,29,10,5,33,26,5,1,3,1,35,3,0
8,32,8,0,38,31,6,3,0,2,48,0,9,32,6,0,48,51,6,2,4,4,43,1,0
9,37,8,7,37,34,9,0,1,0,47,0,10,37,8,6,39,50,8,5,3,2,25,4,1
7,20,9,4,70,50,5,4,4,4,51,0,4,29,7,6,44,41,3,1,1,2,36,0,-1
1,28,9,3,76,55,1,2,3,2,35,4,18,32,7,9,73,46,1,5,1,3,32,4,1
13,31,9,0,47,17,1,1,1,3,47,3,15,32,6,9,53,44,4,3,4,3,42,0,0
16,35,8,9,35,20,6,1,4,4,41,0,2,25,5,4,42,27,7,5,4,4,33,2,-1
15,29,11,2,20,17,8,4,2,3,22,3,18,21,9,6,72,16,6,2,1,3,49,0,1
14,28,5,5,58,16,7,5,0,2,37,1,1,25,7,2,67,19,7,5,1,3,47,0,0
16,26,6,5,69,42,6,1,2,0,48,3,4,33,9,8,58,22,10,2,2,2,39,3,0
14,35,6,0,59,15,0,2,4,4,44,2,6,29,6,0,51,47,7,1,1,1,21,2,0
6,38,16,2,31,16,10,4,2,2,57,0,12,30,9,9,55,23,9,2,4,0,24,4,-1
18,37,16,9,66,45,7,5,2,1,47,2,6,38,13,10,78,34,2,6,3,4,34,0,-1
8,29,7,7,70,50,6,2,3,3,44,3,14,39,17,4,36,37,8,8,0,2,23,3,-1
1,21,6,6,70,38,4,4,1,2,50,2,13,29,11,7,52,28,2,4,1,0,40,2,0
15,25,6,7,49,23,0,2,1,0,37,2,8,37,9,1,31,18,10,2,4,4,42,1,-1
14,39,11,11,34,40,9,8,2,1,46,1,4,27,12,4,40,22,0,5,1,4,28,3,0
15,23,8,1,36,23,3,2,3,1,31,3,16,28,8,4,72,17,1,1,0,1,28,4,1
9,21,7,0,40,15,3,2,0,2,30,4,4,26,6,6,27,40,7,4,1,2,54,3,0
9,27,7,7,63,24,6,3,3,0,42,4,6,25,5,0,44,38,5,4,0,1,45,2,0
3,21,8,0,57,53,3,0,3,3,50,1,2,23,6,3,24,24,1,0,4,0,24,4,0
20,36,7,9,47,36,4,0,4,1,36,3,15,26,5,4,59,54,2,0,2,2,28,3,1
17,26,6,5,54,44,7,4,2,4,45,1,16,25,6,7,51,39,2,4,1,1,24,2,1
14,27,11,2,40,19,5,1,4,0,53,2,13,23,7,0,25,48,1,4,3,3,51,0,0
1,35,15,8,53,53,2,5,1,4,39,0,11,31,7,6,73,53,6,1,4,0,42,3,0
19,35,9,7,40,40,2,0,1,2,55,1,17,20,7,3,23,23,1,4,2,3,40,0,0
1,31,9,8,41,18,1,4,2,0,34,3,4,37,5,6,69,59,3,3,4,1,20,1,-1
3,31,12,3,61,21,9,1,3,0,49,3,17,36,6,10,21,47,10,1,2,3,52,4,1
1,20,7,4,60,19,1,4,1,1,44,3,5,33,9,10,75,56,3,1,3,3,30,3,1
9,25,11,1,50,36,4,5,0,4,40,3,10,39,18,4,55,36,3,5,4,3,59,2,1
19,32,6,5,75,31,5,0,4,1,45,1,8,30,5,1,56,52,0,6,2,3,51,0,1
6,39,6,5,50,50,8,2,0,2,20,3,17,28,9,1,28,59,7,4,2,1,41,3,0
5,26,8,1,29,40,0,4,3,4,34,3,20,25,8,3,38,46,2,5,0,1,34,3,-1
15,29,5,1,71,38,3,5,2,2,56,2,11,27,9,6,30,22,4,3,2,3,26,1,0
19,22,5,5,70,20,1,3,2,2,48,3,4,29,6,3,78,26,3,2,4,1,28,0,-1
10,27,10,6,35,32,5,3,4,4,23,3,3,39,15,1,20,58,1,6,3,0,55,1,1
3,25,11,6,25,22,7,5,0,1,32,4,7,32,15,3,26,26,5,3,2,2,50,3,-1
9,29,5,2,61,44,6,6,1,2,34,3,3,26,6,0,75,44,3,5,4,1,44,4,0
9,26,5,2,76,56,4,4,2,1,27,0,16,30,10,1,54,27,9,2,0,1,43,2,0
3,21,9,5,52,56,5,0,0,1,30,4,14,28,11,8,65,36,6,1,4,0,20,1,1
14,28,11,5,50,31,4,2,3,4,55,4,4,28,7,3,75,49,2,4,0,4,52,2,1
16,36,11,11,30,24,6,7,0,0,55,2,10,25,6,3,35,59,3,0,1,2,44,4,-1
19,31,7,7,65,55,8,0,3,3,38,3,3,21,5,5,66,24,2,4,3,3,52,0,0
4,29,13,0,78,58,3,3,4,4,35,0,15,34,12,10,40,16,7,1,1,0,23,2,-1
4,30,7,9,37,57,7,1,2,1,21,1,3,34,10,10,36,32,0,6,3,2,35,1,0
16,27,10,6,52,18,3,1,3,0,30,2,2,39,15,0,53,26,9,2,2,0,43,1,1
1,23,8,0,22,19,0,2,0,1,49,3,14,29,6,7,65,43,1,3,2,0,37,2,1
4,38,5,10,41,50,1,6,1,4,50,4,6,24,10,5,44,48,3,5,0,3,39,4,-1
13,24,8,4,32,56,6,1,1,1,42,2,17,32,15,3,66,39,1,7,1,3,32,0,1
13,25,7,2,78,57,1,4,4,1,35,4,6,38,13,5,59,19,0,5,0,1,47,4,0
10,37,7,1,78,18,10,2,0,1,47,1,1,26,11,2,38,56,7,3,3,0,22,0,1
11,33,10,8,73,49,0,3,3,3,43,1,18,26,6,7,58,42,1,0,1,0,30,0,-1
4,28,5,2,70,22,1,5,2,3,25,4,14,24,8,0,60,33,0,5,3,2,33,0,0
16,21,8,4,67,22,3,1,3,3,45,3,12,30,10,3,60,23,2,6,3,4,28,1,1
12,24,6,3,34,28,5,4,0,0,54,0,16,36,14,7,67,39,1,8,0,2,52,0,1
10,26,5,5,56,44,1,1,0,2,46,4,6,38,11,6,58,58,10,1,2,2,39,3,-1
15,20,8,2,39,43,2,0,2,4,21,1,16,26,8,1,24,26,7,1,0,3,39,2,1
2,25,9,3,32,43,4,2,4,1,44,0,17,32,7,4,75,21,3,7,2,2,51,1,1
14,26,9,7,30,49,7,2,1,1,36,1,18,37,16,7,78,40,2,3,2,1,54,0,-1
4,28,6,4,53,41,4,6,3,1,42,3,2,29,13,0,70,29,8,4,4,1,26,3,-1
18,31,5,1,63,49,6,5,2,4,49,3,8,34,11,2,64,24,6,1,3,3,43,3,0
12,38,9,2,25,46,1,7,4,2,46,0,19,32,11,2,30,28,9,3,3,1,53,0,0
18,26,9,1,66,59,6,0,2,3,58,4,6,36,16,11,35,24,6,3,1,2,25,0,0
7,39,8,9,72,48,8,3,2,0,33,2,12,20,8,5,29,29,5,3,3,3,46,0,-1
2,25,10,0,27,50,4,4,1,1,26,3,20,30,5,5,73,32,7,5,2,4,24,2,1
4,32,5,0,73,55,7,3,1,0,27,3,19,28,8,8,53,47,8,1,4,3,29,2,-1
12,33,10,3,64,48,10,3,0,0,54,4,11,39,16,4,31,43,2,3,4,3,20,0,0
10,35,8,8,23,42,4,4,0,2,56,2,13,38,5,1,37,37,7,1,0,4,48,1,-1
13,35,8,6,79,44,2,7,2,3,35,1,11,33,14,3,61,38,10,1,2,0,38,3,-1
10,22,9,4,25,15,3,1,2,3,26,2,3,30,8,3,35,19,7,5,0,4,52,3,0
9,25,7,5,59,20,7,3,2,4,22,0,5,25,10,5,49,36,2,3,2,1,59,2,-1
15,34,11,0,45,51,3,1,2,1,49,0,12,29,6,5,51,49,2,4,2,1,52,2,1
7,25,9,7,32,16,2,2,4,2,57,1,6,38,14,5,39,37,5,5,3,2,30,0,0
18,38,7,7,40,50,6,4,1,4,35,1,17,39,6,8,50,27,11,1,0,4,47,3,1
7,24,9,0,23,46,1,0,4,0,31,2,1,22,6,1,50,50,5,1,2,3,47,3,-1
6,21,9,2,61,53,5,2,1,4,51,4,15,30,5,0,70,30,2,4,3,2,29,0,0
13,26,6,2,21,44,2,4,3,2,44,1,14,25,10,7,58,16,7,2,4,2,27,1,1
18,34,8,3,47,24,10,1,4,2,58,0,1,39,15,7,35,30,7,2,3,0,21,2,1
7,29,13,8,25,26,6,3,3,2,39,2,13,26,12,7,49,22,1,5,1,1,37,1,-1
20,39,11,9,36,27,0,1,4,0,34,1,5,31,14,2,41,24,5,0,4,3,31,1,-1
18,26,7,5,22,43,1,4,2,2,24,1,12,27,10,7,74,20,0,0,2,1,43,1,1
16,35,12,5,49,51,0,2,1,0,40,2,5,25,9,6,68,26,4,5,0,3,28,2,-1
15,33,11,3,77,51,3,7,2,0,32,1,10,24,7,0,24,20,1,4,0,4,36,2,1
2,23,6,4,61,15,3,1,0,2,23,1,17,21,5,4,41,30,4,1,3,3,41,0,0
2,36,7,3,63,16,6,0,2,3,28,2,7,33,6,4,23,35,5,0,1,0,38,3,0
12,21,7,1,44,17,0,3,3,1,27,4,18,30,14,2,46,55,5,2,4,4,51,3,0
10,31,7,7,52,52,1,0,4,3,24,1,18,38,11,6,61,31,9,3,2,2,43,0,0
12,35,6,3,42,36,6,0,4,4,39,0,9,27,6,6,27,24,0,4,0,4,29,3,1
16,39,8,10,59,21,10,4,2,4,29,4,9,30,13,2,27,42,2,1,4,3,48,4,0
15,20,8,5,53,47,0,2,1,3,35,0,3,28,13,7,57,32,7,6,3,3,22,0,0
11,32,5,1,77,46,8,6,1,3,31,0,3,21,9,4,24,44,4,1,1,4,32,2,-1
18,31,14,1,39,48,6,6,3,1,34,0,14,30,6,4,50,18,8,2,3,0,36,0,0
16,27,11,0,38,29,8,4,3,4,51,2,20,32,10,9,71,31,4,4,0,0,46,4,-1
7,37,10,1,32,56,4,3,2,1,40,1,16,27,12,5,70,34,0,0,1,4,33,2,1
9,28,6,3,38,38,3,0,0,0,54,1,3,31,6,9,29,32,7,0,1,2,37,0,-1
15,32,10,3,26,21,8,5,4,0,32,1,5,28,9,6,52,18,3,4,3,1,54,0,-1
18,20,8,2,32,49,2,0,2,0,44,4,12,29,5,2,64,36,5,5,2,1,39,1,-1
10,29,9,5,58,25,8,3,3,3,56,4,6,25,9,7,28,51,4,1,2,3,21,1,0
12,37,7,5,56,41,4,1,1,3,52,2,14,35,11,10,40,21,8,7,1,0,52,1,-1
14,25,8,3,37,24,2,2,0,0,37,0,6,39,5,8,30,27,8,3,0,1,50,4,-1
20,35,16,4,49,17,1,5,2,4,22,1,16,20,7,4,24,46,1,3,3,3,58,0,-1
8,35,13,9,48,52,3,5,1,2,43,3,13,23,6,5,26,45,2,2,4,0,34,0,1
14,23,8,2,24,39,6,2,1,1,47,0,20,29,6,6,56,53,4,3,0,4,30,4,-1
15,22,6,6,60,28,4,3,3,3,25,0,1,37,10,10,36,23,11,5,3,0,59,3,-1
5,25,11,6,72,31,2,0,4,0,35,3,14,21,9,4,38,26,3,1,3,2,59,3,0
7,32,9,4,28,49,9,6,3,4,36,0,14,22,6,4,32,39,2,0,0,1,54,1,1
20,27,12,3,52,43,6,5,4,3,41,2,12,22,8,4,72,48,2,1,2,1,21,1,0
17,35,14,0,61,26,0,7,4,2,24,4,8,36,5,11,65,18,8,8,0,2,32,3,0
3,20,7,5,55,31,1,3,4,2,59,4,17,33,15,5,35,36,8,6,4,3,37,4,0
14,21,7,4,75,22,2,3,3,0,43,0,2,35,5,3,77,36,6,1,4,3,43,0,0
20,34,11,9,70,41,2,2,3,1,51,4,18,22,6,4,31,21,0,1,0,1,57,3,0
3,28,8,4,54,51,7,5,0,2,35,3,10,25,8,2,61,37,5,0,3,2,47,1,-1
15,21,6,3,66,24,2,3,3,4,49,2,2,21,9,2,32,39,5,1,4,0,24,4,0
7,32,8,6,40,20,3,3,0,1,47,2,13,39,15,7,75,29,8,2,0,0,54,2,-1
17,34,5,9,29,22,9,4,1,1,38,2,18,20,5,3,75,44,4,2,0,4,24,2,0
4,38,11,0,42,31,10,0,1,1,55,4,7,20,8,1,23,30,3,0,0,0,40,3,-1
2,34,11,3,63,47,0,7,3,3,42,0,3,28,9,2,70,29,5,0,2,4,35,0,-1
3,37,12,7,69,38,2,6,4,0,50,2,8,25,5,2,51,25,4,3,0,2,35,2,1
11,21,8,4,42,39,4,4,1,3,43,4,10,38,13,11,42,47,7,4,0,1,33,2,0
3,39,18,0,56,21,0,3,2,3,44,2,16,21,7,2,77,43,4,2,2,3,58,4,0
6,33,8,7,60,16,8,2,3,3,41,3,11,33,14,7,20,38,9,5,3,2,56,1,1
4,39,16,3,73,35,9,7,3,4,57,2,15,27,9,6,29,19,3,0,1,2,59,3,-1
16,35,15,3,20,15,5,6,3,3,22,0,14,38,12,1,23,47,10,4,1,2,36,0,0
9,39,7,7,22,47,3,4,4,4,32,3,6,28,5,4,72,51,7,0,2,0,48,2,1
18,23,9,3,37,34,4,1,3,0,38,1,15,36,17,10,53,33,1,1,3,2,25,2,0
9,28,6,6,57,37,3,0,1,4,39,4,8,37,14,7,52,29,2,0,4,0,59,2,0
14,25,8,4,40,27,0,4,4,0,43,3,8,21,7,5,35,38,4,4,4,0,22,1,-1
12,32,11,4,33,32,3,0,3,4,55,4,6,23,7,3,59,50,5,3,1,3,28,2,0
1,31,10,0,34,41,4,0,4,2,31,3,18,26,9,6,79,45,1,0,0,2,48,0,1
13,31,10,2,77,50,3,2,1,4,44,0,19,22,9,0,48,26,2,3,0,4,31,0,1
18,29,6,7,60,27,8,5,3,4,57,2,4,36,7,11,76,58,4,4,2,2,32,1,-1
7,35,10,3,49,42,6,0,3,2,51,3,5,20,8,4,53,43,0,4,1,0,26,1,1
8,30,13,3,58,31,1,6,1,4,45,3,12,28,9,6,48,47,7,0,4,4,57,4,1
8,21,6,1,40,29,4,4,2,2,35,2,20,28,7,2,62,48,6,1,1,3,20,4,0
2,20,7,3,32,49,4,2,3,0,24,4,6,27,9,7,49,56,6,0,3,2,43,2,-1
2,38,15,5,29,59,8,1,1,1,45,4,20,23,6,6,69,31,2,4,1,3,52,3,0
12,22,9,5,63,59,4,4,0,2,34,3,6,21,8,3,76,26,2,0,0,2,36,2,1
7,38,6,5,48,59,7,7,0,2,28,2,2,28,13,5,54,47,7,1,2,4,58,4,0
6,25,8,2,32,27,5,0,4,0,59,4,3,39,5,8,64,27,4,8,1,0,26,0,0
